"question","answer","status","citations"
"Question ID","The provided context does not contain enough information to answer the question as it appears to be incomplete or missing the actual question.","approved","Incident_Response_Plan.md: ""# ApexCloud Solutions: Incident Response Plan (IRP)
**Document Version:** 1.5
**Last Updated:** November 10, 2025
**Confidentiality Level:** Internal / Under NDA"" | Information_Security_Policy.md: ""# ApexCloud Solutions: Information Security Policy (ISP)
**Document Version:** 2.1
**Last Updated:** January 15, 2026
**Confidentiality Level:** Internal / Under NDA"""
"A&A-02.1","The provided context does not contain enough information to answer question A&A-02.1.","approved","Application_Security_and_Vulnerability_Management.md: ""# ApexCloud Solutions: AppSec & TVM Policy
**Document Version:** 2.2
**Last Updated:** March 01, 2026
**Confidentiality Level:** Internal / Under NDA"" | Business_Continuity_and_Disaster_Recovery.md: ""# ApexCloud Solutions: BCDR Policy
**Document Version:** 3.0
**Last Updated:** February 02, 2026
**Confidentiality Level:** Internal / Under NDA"""
"standards at least annually?","A certified third-party security firm conducts an independent penetration test at least annually.","approved","Application_Security_and_Vulnerability_Management.md: ""## 2. Vulnerability Management
* **Scanning:** Infrastructure and application vulnerability scans are conducted weekly using automated tooling.
* **Penetration Testing:** A certified third-party secur"" | Information_Security_Policy.md: ""## 4. Human Resources Security
* **Background Checks:** All employees and contractors must undergo standard criminal background checks prior to employment.
* **Security Training:** All personnel must """
"relevant standards at least annually.","Security awareness training is required for all personnel upon hire and annually thereafter, which includes training on phishing awareness, data privacy (GDPR/CCPA), and password hygiene.","approved","information_security_policy.md: ""## 2. Password Requirements
For legacy systems that do not yet support SSO, or for service accounts, the following password complexity rules are enforced systematically:
* Minimum length of 14 charact"" | Information_Security_Policy.md: ""## 4. Human Resources Security
* **Background Checks:** All employees and contractors must undergo standard criminal background checks prior to employment.
* **Security Training:** All personnel must """
"A&A-03.1","The provided context does not contain enough information to answer question A&A-03.1.","approved","Application_Security_and_Vulnerability_Management.md: ""# ApexCloud Solutions: AppSec & TVM Policy
**Document Version:** 2.2
**Last Updated:** March 01, 2026
**Confidentiality Level:** Internal / Under NDA"" | Business_Continuity_and_Disaster_Recovery.md: ""# ApexCloud Solutions: BCDR Policy
**Document Version:** 3.0
**Last Updated:** February 02, 2026
**Confidentiality Level:** Internal / Under NDA"""
"plans and policies","The organization has an information security policy and an application security and vulnerability management policy in place. The information security policy is currently at version 3.2 and was effective as of January 1, 2026. The application security and vulnerability management policy is at version 2.2 and was last updated on March 01, 2026.","approved","information_security_policy.md: ""# StrataFlow Enterprise: Information Security Policy
**Effective Date:** January 1, 2026
**Version:** 3.2"" | Application_Security_and_Vulnerability_Management.md: ""# ApexCloud Solutions: AppSec & TVM Policy
**Document Version:** 2.2
**Last Updated:** March 01, 2026
**Confidentiality Level:** Internal / Under NDA"""
"risk-based plans and policies","The provided context does not contain sufficient information about risk-based plans and policies. However, it mentions the existence of a Business Continuity and Disaster Recovery (BCDR) policy and an Incident Response Plan (IRP), which are typically risk-based. The BCDR policy and IRP are likely to include risk assessments and mitigation strategies, but the details are not provided in the given context.","approved","Business_Continuity_and_Disaster_Recovery.md: ""# ApexCloud Solutions: BCDR Policy
**Document Version:** 3.0
**Last Updated:** February 02, 2026
**Confidentiality Level:** Internal / Under NDA"" | Incident_Response_Plan.md: ""# ApexCloud Solutions: Incident Response Plan (IRP)
**Document Version:** 1.5
**Last Updated:** November 10, 2025
**Confidentiality Level:** Internal / Under NDA"""
"A&A-04.1","The provided context does not contain enough information to answer question A&A-04.1.","approved","Application_Security_and_Vulnerability_Management.md: ""# ApexCloud Solutions: AppSec & TVM Policy
**Document Version:** 2.2
**Last Updated:** March 01, 2026
**Confidentiality Level:** Internal / Under NDA"" | Business_Continuity_and_Disaster_Recovery.md: ""# ApexCloud Solutions: BCDR Policy
**Document Version:** 3.0
**Last Updated:** February 02, 2026
**Confidentiality Level:** Internal / Under NDA"""
"and statutory requirements applicable to the audit?","The context provided does not contain enough information to fully address statutory requirements applicable to the audit. However, it mentions data privacy (GDPR/CCPA) in the security training section, indicating awareness of certain statutory requirements.","approved","Information_Security_Policy.md: ""## 4. Human Resources Security
* **Background Checks:** All employees and contractors must undergo standard criminal background checks prior to employment.
* **Security Training:** All personnel must "" | information_security_policy.md: ""## 2. Password Requirements
For legacy systems that do not yet support SSO, or for service accounts, the following password complexity rules are enforced systematically:
* Minimum length of 14 charact"""
"and statutory requirements applicable to the audit.","The provided context does not contain enough information to fully address statutory requirements applicable to the audit. However, it mentions data privacy (GDPR/CCPA) as part of the security awareness training, indicating awareness of certain statutory requirements.","approved","information_security_policy.md: ""## 2. Password Requirements
For legacy systems that do not yet support SSO, or for service accounts, the following password complexity rules are enforced systematically:
* Minimum length of 14 charact"" | Information_Security_Policy.md: ""## 4. Human Resources Security
* **Background Checks:** All employees and contractors must undergo standard criminal background checks prior to employment.
* **Security Training:** All personnel must """
"A&A-06.1","The provided context does not contain enough information to answer question A&A-06.1.","approved","Application_Security_and_Vulnerability_Management.md: ""# ApexCloud Solutions: AppSec & TVM Policy
**Document Version:** 2.2
**Last Updated:** March 01, 2026
**Confidentiality Level:** Internal / Under NDA"" | Business_Continuity_and_Disaster_Recovery.md: ""# ApexCloud Solutions: BCDR Policy
**Document Version:** 3.0
**Last Updated:** February 02, 2026
**Confidentiality Level:** Internal / Under NDA"""
"documented","All changes to production infrastructure must be documented","approved","Application_Security_and_Vulnerability_Management.md: ""## 3. Change Management
All changes to production infrastructure must be documented, approved by the Change Advisory Board (CAB) for high-risk changes, and include a documented rollback plan in case o"" | Business_Continuity_and_Disaster_Recovery.md: ""# ApexCloud Solutions: BCDR Policy
**Document Version:** 3.0
**Last Updated:** February 02, 2026
**Confidentiality Level:** Internal / Under NDA"""
"a risk-based corrective action plan to remediate audit findings","The provided context does not contain enough information to create a risk-based corrective action plan to remediate audit findings. However, the Incident Response Plan (IRP) outlines a structured approach to responding to incidents, which includes phases such as Preparation, Identification, Containment, Eradication, Recovery, and Lessons Learned. A risk-based corrective action plan could be developed based on the Lessons Learned phase, which involves conducting a post-mortem within 14 days of incident closure to improve future response.","approved","Incident_Response_Plan.md: ""# ApexCloud Solutions: Incident Response Plan (IRP)
**Document Version:** 1.5
**Last Updated:** November 10, 2025
**Confidentiality Level:** Internal / Under NDA"""
"report remediation status to relevant stakeholders.","The provided context does not explicitly mention reporting remediation status to relevant stakeholders. However, it does outline the SLA for remediation, which implies that some form of tracking and potentially reporting is necessary to ensure compliance with these timelines.","approved","Application_Security_and_Vulnerability_Management.md: ""## 2. Vulnerability Management
* **Scanning:** Infrastructure and application vulnerability scans are conducted weekly using automated tooling.
* **Penetration Testing:** A certified third-party secur"" | Incident_Response_Plan.md: ""## 2. Incident Response Phases
1.  **Preparation:** Maintaining tooling (SIEM, EDR), staff training, and this living document.
2.  **Identification:** Triaging alerts from monitoring tools. Any employ"""
"A&A-06.2","The provided context does not contain enough information to answer question A&A-06.2.","approved","Application_Security_and_Vulnerability_Management.md: ""# ApexCloud Solutions: AppSec & TVM Policy
**Document Version:** 2.2
**Last Updated:** March 01, 2026
**Confidentiality Level:** Internal / Under NDA"" | Business_Continuity_and_Disaster_Recovery.md: ""# ApexCloud Solutions: BCDR Policy
**Document Version:** 3.0
**Last Updated:** February 02, 2026
**Confidentiality Level:** Internal / Under NDA"""
"stakeholders?","The context does not explicitly mention stakeholders, but based on the information provided, stakeholders could include employees, contractors, and customers, as they are all impacted by the access control and human resources security policies.","approved","information_security_policy.md: ""## 1. Access Control
Access to StrataFlow Enterprise systems and customer data is strictly governed by Role-Based Access Control (RBAC). All employee access requires authentication via our centralized"" | Information_Security_Policy.md: ""## 4. Human Resources Security
* **Background Checks:** All employees and contractors must undergo standard criminal background checks prior to employment.
* **Security Training:** All personnel must """
"AIS-02.1","The provided context does not contain enough information to answer the question AIS-02.1.","approved","Information_Security_Policy.md: ""# ApexCloud Solutions: Information Security Policy (ISP)
**Document Version:** 2.1
**Last Updated:** January 15, 2026
**Confidentiality Level:** Internal / Under NDA"" | Application_Security_and_Vulnerability_Management.md: ""# ApexCloud Solutions: AppSec & TVM Policy
**Document Version:** 2.2
**Last Updated:** March 01, 2026
**Confidentiality Level:** Internal / Under NDA"""
"and maintained?","The provided context does not contain enough information to answer how something is maintained. The context only discusses vulnerability management and backup processes.","approved","Application_Security_and_Vulnerability_Management.md: ""## 2. Vulnerability Management
* **Scanning:** Infrastructure and application vulnerability scans are conducted weekly using automated tooling.
* **Penetration Testing:** A certified third-party secur"" | Business_Continuity_and_Disaster_Recovery.md: ""## 3. Backups
* **Frequency:** Full database backups are taken daily. Incremental backups are taken hourly.
* **Storage:** Backups are stored in an isolated, immutable storage bucket in a geographical"""
"applications.","The provided context does not contain enough information about applications.","approved","Application_Security_and_Vulnerability_Management.md: ""# ApexCloud Solutions: AppSec & TVM Policy
**Document Version:** 2.2
**Last Updated:** March 01, 2026
**Confidentiality Level:** Internal / Under NDA"" | information_security_policy.md: ""## 3. Endpoint Management
All company-issued workstations (laptops and desktops) are managed via Mobile Device Management (MDM) solutions (Jamf for macOS, Microsoft Intune for Windows). 
* Full disk e"""
"AIS-04.1","The provided context does not contain enough information to answer the question AIS-04.1.","approved","Information_Security_Policy.md: ""# ApexCloud Solutions: Information Security Policy (ISP)
**Document Version:** 2.1
**Last Updated:** January 15, 2026
**Confidentiality Level:** Internal / Under NDA"" | Incident_Response_Plan.md: ""# ApexCloud Solutions: Incident Response Plan (IRP)
**Document Version:** 1.5
**Last Updated:** November 10, 2025
**Confidentiality Level:** Internal / Under NDA"""
"planning","The planning process for changes to production infrastructure involves documentation, approval by the Change Advisory Board (CAB) for high-risk changes, and a documented rollback plan in case of deployment failure.","approved","Incident_Response_Plan.md: ""# ApexCloud Solutions: Incident Response Plan (IRP)
**Document Version:** 1.5
**Last Updated:** November 10, 2025
**Confidentiality Level:** Internal / Under NDA"" | Application_Security_and_Vulnerability_Management.md: ""## 3. Change Management
All changes to production infrastructure must be documented, approved by the Change Advisory Board (CAB) for high-risk changes, and include a documented rollback plan in case o"""
"designed security requirements?","The provided context chunks outline several designed security requirements, including: (1) Secure Software Development Life Cycle (SDLC) practices such as code review, automated Static Application Security Testing (SAST), and Software Composition Analysis (SCA), as well as logically separated Development, Staging, and Production environments with anonymized/sanitized production data in non-production environments; (2) Password complexity rules for legacy systems and service accounts, including minimum length, character variety, expiration, and reuse restrictions.","approved","Application_Security_and_Vulnerability_Management.md: ""## 1. Secure Software Development Life Cycle (SDLC)
* **Code Review:** All code changes must undergo a peer review by at least one other engineer before being merged into the main branch.
* **Testing:"" | information_security_policy.md: ""## 2. Password Requirements
For legacy systems that do not yet support SSO, or for service accounts, the following password complexity rules are enforced systematically:
* Minimum length of 14 charact"""
"testing","Automated Static Application Security Testing (SAST) and Software Composition Analysis (SCA) are integrated into our CI/CD pipeline. Builds will fail if critical vulnerabilities are detected.","approved","Application_Security_and_Vulnerability_Management.md: ""## 2. Vulnerability Management
* **Scanning:** Infrastructure and application vulnerability scans are conducted weekly using automated tooling.
* **Penetration Testing:** A certified third-party secur"""
"AIS-06.1","The provided context does not contain enough information to answer the question AIS-06.1.","approved","Information_Security_Policy.md: ""# ApexCloud Solutions: Information Security Policy (ISP)
**Document Version:** 2.1
**Last Updated:** January 15, 2026
**Confidentiality Level:** Internal / Under NDA"" | Incident_Response_Plan.md: ""# ApexCloud Solutions: Incident Response Plan (IRP)
**Document Version:** 1.5
**Last Updated:** November 10, 2025
**Confidentiality Level:** Internal / Under NDA"""
"code in a secure","Code is reviewed securely through peer review by at least one other engineer before being merged into the main branch, and automated Static Application Security Testing (SAST) and Software Composition Analysis (SCA) are integrated into the CI/CD pipeline to detect vulnerabilities.","approved","Application_Security_and_Vulnerability_Management.md: ""## 1. Secure Software Development Life Cycle (SDLC)
* **Code Review:** All code changes must undergo a peer review by at least one other engineer before being merged into the main branch.
* **Testing:"" | Information_Security_Policy.md: ""## 3. Data Security and Encryption
* **Data at Rest:** All customer data stored in ApexCloud databases is encrypted using AES-256 encryption.
* **Data in Transit:** All data transmitted over public ne"""
"and compliant application deployment. Automate where possible.","The organization has implemented various measures to ensure secure and compliant application deployment. This includes peer review of all code changes, automated Static Application Security Testing (SAST) and Software Composition Analysis (SCA) integrated into the CI/CD pipeline, and logically separated Development, Staging, and Production environments. Additionally, automated infrastructure and application vulnerability scans are conducted weekly, and a certified third-party security firm conducts an independent penetration test at least annually. These measures help automate security testing and vulnerability management where possible.","approved","Application_Security_and_Vulnerability_Management.md: ""## 1. Secure Software Development Life Cycle (SDLC)
* **Code Review:** All code changes must undergo a peer review by at least one other engineer before being merged into the main branch.
* **Testing:"""
"AIS-06.2","The provided context does not contain enough information to answer the question AIS-06.2.","approved","Information_Security_Policy.md: ""# ApexCloud Solutions: Information Security Policy (ISP)
**Document Version:** 2.1
**Last Updated:** January 15, 2026
**Confidentiality Level:** Internal / Under NDA"" | Application_Security_and_Vulnerability_Management.md: ""# ApexCloud Solutions: AppSec & TVM Policy
**Document Version:** 2.2
**Last Updated:** March 01, 2026
**Confidentiality Level:** Internal / Under NDA"""
"AIS-07.1","The provided context does not contain enough information to answer the question AIS-07.1.","approved","Information_Security_Policy.md: ""# ApexCloud Solutions: Information Security Policy (ISP)
**Document Version:** 2.1
**Last Updated:** January 15, 2026
**Confidentiality Level:** Internal / Under NDA"" | Incident_Response_Plan.md: ""# ApexCloud Solutions: Incident Response Plan (IRP)
**Document Version:** 1.5
**Last Updated:** November 10, 2025
**Confidentiality Level:** Internal / Under NDA"""
"vulnerabilities","The organization conducts weekly vulnerability scans and annual penetration tests. The remediation SLA is as follows: Critical vulnerabilities are patched within 24 hours, High within 7 days, Medium within 30 days, and Low are evaluated and scheduled for the upcoming sprint.","approved","Application_Security_and_Vulnerability_Management.md: ""## 2. Vulnerability Management
* **Scanning:** Infrastructure and application vulnerability scans are conducted weekly using automated tooling.
* **Penetration Testing:** A certified third-party secur"""
"AIS-07.2","The provided context does not contain enough information to answer the question AIS-07.2.","approved","Information_Security_Policy.md: ""# ApexCloud Solutions: Information Security Policy (ISP)
**Document Version:** 2.1
**Last Updated:** January 15, 2026
**Confidentiality Level:** Internal / Under NDA"" | Application_Security_and_Vulnerability_Management.md: ""# ApexCloud Solutions: AppSec & TVM Policy
**Document Version:** 2.2
**Last Updated:** March 01, 2026
**Confidentiality Level:** Internal / Under NDA"""
"possible?","The provided context does not contain enough information to determine what is possible. It discusses business continuity and disaster recovery plans, including the ability of employees to work remotely and recovery objectives, but does not specify what is being asked about.","approved","Business_Continuity_and_Disaster_Recovery.md: ""## 4. Continuity of Operations
In the event of a localized facility disaster (e.g., corporate office outage), all ApexCloud employees are equipped and authorized to work securely from remote locations"""
"AIS-08.1","The provided context does not contain enough information to answer the question AIS-08.1.","approved","Information_Security_Policy.md: ""# ApexCloud Solutions: Information Security Policy (ISP)
**Document Version:** 2.1
**Last Updated:** January 15, 2026
**Confidentiality Level:** Internal / Under NDA"" | Incident_Response_Plan.md: ""# ApexCloud Solutions: Incident Response Plan (IRP)
**Document Version:** 1.5
**Last Updated:** November 10, 2025
**Confidentiality Level:** Internal / Under NDA"""
"for any improvements at least annually or upon significant changes.","A certified third-party security firm conducts an independent penetration test at least annually.","approved","Application_Security_and_Vulnerability_Management.md: ""## 3. Change Management
All changes to production infrastructure must be documented, approved by the Change Advisory Board (CAB) for high-risk changes, and include a documented rollback plan in case o"""
"AIS-08.2","The provided context does not contain enough information to answer the question AIS-08.2.","approved","Information_Security_Policy.md: ""# ApexCloud Solutions: Information Security Policy (ISP)
**Document Version:** 2.1
**Last Updated:** January 15, 2026
**Confidentiality Level:** Internal / Under NDA"" | Application_Security_and_Vulnerability_Management.md: ""# ApexCloud Solutions: AppSec & TVM Policy
**Document Version:** 2.2
**Last Updated:** March 01, 2026
**Confidentiality Level:** Internal / Under NDA"""
"BCR-01.1","The provided context does not contain enough information to answer the question BCR-01.1.","approved","Business_Continuity_and_Disaster_Recovery.md: ""# ApexCloud Solutions: BCDR Policy
**Document Version:** 3.0
**Last Updated:** February 02, 2026
**Confidentiality Level:** Internal / Under NDA"" | Incident_Response_Plan.md: ""# ApexCloud Solutions: Incident Response Plan (IRP)
**Document Version:** 1.5
**Last Updated:** November 10, 2025
**Confidentiality Level:** Internal / Under NDA"""
"procedures established","Procedures for detecting, analyzing, responding to, and recovering from cybersecurity incidents are established in the Incident Response Plan. Additionally, procedures for change management, including documentation, approval, and rollback planning, are established in the Application Security and Vulnerability Management document.","approved","Incident_Response_Plan.md: ""## 1. Scope
This document defines the process for detecting, analyzing, responding to, and recovering from cybersecurity incidents affecting ApexCloud systems."" | Application_Security_and_Vulnerability_Management.md: ""## 3. Change Management
All changes to production infrastructure must be documented, approved by the Change Advisory Board (CAB) for high-risk changes, and include a documented rollback plan in case o"""
"and maintained?","The provided context does not contain enough information to answer how something is maintained. The context only discusses vulnerability management and backup procedures, but does not provide information on maintenance.","approved","Application_Security_and_Vulnerability_Management.md: ""## 2. Vulnerability Management
* **Scanning:** Infrastructure and application vulnerability scans are conducted weekly using automated tooling.
* **Penetration Testing:** A certified third-party secur"" | Business_Continuity_and_Disaster_Recovery.md: ""## 3. Backups
* **Frequency:** Full database backups are taken daily. Incremental backups are taken hourly.
* **Storage:** Backups are stored in an isolated, immutable storage bucket in a geographical"""
"business continuity management and operational resilience policies and procedures.","ApexCloud has a business continuity management policy in place, which includes procedures for maintaining customer support and operational uptime in the event of a localized facility disaster. All employees are equipped and authorized to work securely from remote locations to ensure continuity of operations.","approved","Business_Continuity_and_Disaster_Recovery.md: ""## 4. Continuity of Operations
In the event of a localized facility disaster (e.g., corporate office outage), all ApexCloud employees are equipped and authorized to work securely from remote locations"""
"Review and update the policies and procedures at least annually","The provided context does not contain enough information to confirm if the policies and procedures are reviewed and updated at least annually. However, it does mention the effective date and version of the StrataFlow Enterprise: Information Security Policy and the document version and last updated date of the ApexCloud Solutions: Information Security Policy (ISP).","approved","information_security_policy.md: ""# StrataFlow Enterprise: Information Security Policy
**Effective Date:** January 1, 2026
**Version:** 3.2"" | Information_Security_Policy.md: ""# ApexCloud Solutions: Information Security Policy (ISP)
**Document Version:** 2.1
**Last Updated:** January 15, 2026
**Confidentiality Level:** Internal / Under NDA"""
"BCR-01.2","The provided context does not contain enough information to answer question BCR-01.2.","approved","Business_Continuity_and_Disaster_Recovery.md: ""# ApexCloud Solutions: BCDR Policy
**Document Version:** 3.0
**Last Updated:** February 02, 2026
**Confidentiality Level:** Internal / Under NDA"" | Incident_Response_Plan.md: ""# ApexCloud Solutions: Incident Response Plan (IRP)
**Document Version:** 1.5
**Last Updated:** November 10, 2025
**Confidentiality Level:** Internal / Under NDA"""
"BCR-02.1","The provided context does not contain enough information to answer the question BCR-02.1. The context only includes metadata about the documents, such as version numbers and last updated dates, but does not provide any specific details about the BCR-02.1 question.","approved","Business_Continuity_and_Disaster_Recovery.md: ""# ApexCloud Solutions: BCDR Policy
**Document Version:** 3.0
**Last Updated:** February 02, 2026
**Confidentiality Level:** Internal / Under NDA"" | Incident_Response_Plan.md: ""# ApexCloud Solutions: Incident Response Plan (IRP)
**Document Version:** 1.5
**Last Updated:** November 10, 2025
**Confidentiality Level:** Internal / Under NDA"""
"strategies and capabilities established based on business disruption and risk","The organization has established strategies and capabilities to address business disruption and risk, including vulnerability management and business continuity plans. Specifically, the organization conducts weekly vulnerability scans and annual penetration testing to identify and remediate vulnerabilities. Additionally, the organization has a Service Level Agreement (SLA) for remediation, which includes patching critical vulnerabilities within 24 hours, high vulnerabilities within 7 days, medium vulnerabilities within 30 days, and evaluating and scheduling low vulnerabilities for upcoming sprints. Furthermore, the organization has a business continuity plan in place, which enables employees to work securely from remote locations in the event of a localized facility disaster, maintaining customer support and operational uptime.","approved","Application_Security_and_Vulnerability_Management.md: ""## 2. Vulnerability Management
* **Scanning:** Infrastructure and application vulnerability scans are conducted weekly using automated tooling.
* **Penetration Testing:** A certified third-party secur"" | Business_Continuity_and_Disaster_Recovery.md: ""## 4. Continuity of Operations
In the event of a localized facility disaster (e.g., corporate office outage), all ApexCloud employees are equipped and authorized to work securely from remote locations"""
"impacts?","The context does not provide enough information about specific impacts. However, based on the Incident Response Phases and Vulnerability Management sections, potential impacts could include system downtime, data breaches, or compromised credentials, which are mitigated through containment, eradication, and recovery phases, as well as vulnerability scanning and remediation.","approved","Incident_Response_Plan.md: ""## 2. Incident Response Phases
1.  **Preparation:** Maintaining tooling (SIEM, EDR), staff training, and this living document.
2.  **Identification:** Triaging alerts from monitoring tools. Any employ"" | Application_Security_and_Vulnerability_Management.md: ""## 2. Vulnerability Management
* **Scanning:** Infrastructure and application vulnerability scans are conducted weekly using automated tooling.
* **Penetration Testing:** A certified third-party secur"""
"criteria for developing business continuity and operational resilience strategies","The criteria for developing business continuity and operational resilience strategies at ApexCloud include maintaining customer support and operational uptime in the event of a localized facility disaster, such as a corporate office outage, by equipping and authorizing employees to work securely from remote locations.","approved","Business_Continuity_and_Disaster_Recovery.md: ""## 4. Continuity of Operations
In the event of a localized facility disaster (e.g., corporate office outage), all ApexCloud employees are equipped and authorized to work securely from remote locations"" | Application_Security_and_Vulnerability_Management.md: ""## 2. Vulnerability Management
* **Scanning:** Infrastructure and application vulnerability scans are conducted weekly using automated tooling.
* **Penetration Testing:** A certified third-party secur"""
"and capabilities. Review and update the risk assessment and impact analysis at least annually or upon significant changes.","The provided context does not contain information about reviewing and updating risk assessments and impact analyses. However, it does mention that a certified third-party security firm conducts an independent penetration test at least annually, and all changes to production infrastructure must be documented and approved by the Change Advisory Board (CAB) for high-risk changes.","approved","Application_Security_and_Vulnerability_Management.md: ""## 2. Vulnerability Management
* **Scanning:** Infrastructure and application vulnerability scans are conducted weekly using automated tooling.
* **Penetration Testing:** A certified third-party secur"""
"BCR-02.2","The provided context does not contain enough information to answer question BCR-02.2.","approved","Business_Continuity_and_Disaster_Recovery.md: ""# ApexCloud Solutions: BCDR Policy
**Document Version:** 3.0
**Last Updated:** February 02, 2026
**Confidentiality Level:** Internal / Under NDA"" | Incident_Response_Plan.md: ""# ApexCloud Solutions: Incident Response Plan (IRP)
**Document Version:** 1.5
**Last Updated:** November 10, 2025
**Confidentiality Level:** Internal / Under NDA"""
"or upon significant changes?","The context does not explicitly state when notifications are made upon significant changes, only that internal notification to CSIRT occurs immediately upon confirmation of a high-severity incident and external notification to customers occurs within 48 hours of verification of a data breach.","approved","Application_Security_and_Vulnerability_Management.md: ""## 3. Change Management
All changes to production infrastructure must be documented, approved by the Change Advisory Board (CAB) for high-risk changes, and include a documented rollback plan in case o"" | Incident_Response_Plan.md: ""## 3. Notification and Communication
* **Internal:** The Computer Security Incident Response Team (CSIRT) is notified immediately upon confirmation of a high-severity incident.
* **External/Customers:"""
"BCR-03.1","The provided context does not contain enough information to answer the question BCR-03.1.","approved","Business_Continuity_and_Disaster_Recovery.md: ""# ApexCloud Solutions: BCDR Policy
**Document Version:** 3.0
**Last Updated:** February 02, 2026
**Confidentiality Level:** Internal / Under NDA"" | Incident_Response_Plan.md: ""# ApexCloud Solutions: Incident Response Plan (IRP)
**Document Version:** 1.5
**Last Updated:** November 10, 2025
**Confidentiality Level:** Internal / Under NDA"""
"are resiliency and recovery from business disruptions being improved?","Yes, resiliency and recovery from business disruptions are being improved. The company has implemented measures to ensure continuity of operations in the event of a disaster, such as authorizing employees to work remotely and maintaining a Recovery Time Objective (RTO) of 4 hours and a Recovery Point Objective (RPO) of 1 hour.","approved","Business_Continuity_and_Disaster_Recovery.md: ""## 4. Continuity of Operations
In the event of a localized facility disaster (e.g., corporate office outage), all ApexCloud employees are equipped and authorized to work securely from remote locations"""
"recovery from business disruptions.","The organization has established recovery objectives, including a Recovery Time Objective (RTO) of 4 hours and a Recovery Point Objective (RPO) of 1 hour, to ensure timely recovery from business disruptions. Additionally, the organization has a plan in place for continuity of operations, which includes remote work capabilities for employees in the event of a localized facility disaster, to maintain customer support and operational uptime.","approved","Business_Continuity_and_Disaster_Recovery.md: ""## 2. Recovery Objectives
* **Recovery Time Objective (RTO):** 4 hours. (The maximum acceptable time the application can be offline).
* **Recovery Point Objective (RPO):** 1 hour. (The maximum accepta"""
"BCR-08.1","The provided context does not contain enough information to answer the question BCR-08.1.","approved","Business_Continuity_and_Disaster_Recovery.md: ""# ApexCloud Solutions: BCDR Policy
**Document Version:** 3.0
**Last Updated:** February 02, 2026
**Confidentiality Level:** Internal / Under NDA"" | Incident_Response_Plan.md: ""# ApexCloud Solutions: Incident Response Plan (IRP)
**Document Version:** 1.5
**Last Updated:** November 10, 2025
**Confidentiality Level:** Internal / Under NDA"""
"integrity and availability of the backup","The integrity and availability of the backup are ensured through the implementation of daily full database backups, hourly incremental backups, and storage in an isolated, immutable storage bucket in a geographically distinct region. Additionally, backups are retained for 30 days and disaster recovery failover and backup restoration are tested bi-annually, which further supports the integrity and availability of the backups.","approved","Business_Continuity_and_Disaster_Recovery.md: ""## 3. Backups
* **Frequency:** Full database backups are taken daily. Incremental backups are taken hourly.
* **Storage:** Backups are stored in an isolated, immutable storage bucket in a geographical"" | data_management_policy.md: ""## 3. Data Backups and Retention
* Full database backups are performed daily and stored in an isolated, logically separated AWS account.
* Backups are retained for exactly 30 days before being automat"""
"for resiliency.","ApexCloud maintains resiliency through a combination of employee remote work capabilities in the event of localized facility disasters and a highly available cloud infrastructure with automated failover to a secondary region.","approved","Business_Continuity_and_Disaster_Recovery.md: ""## 4. Continuity of Operations
In the event of a localized facility disaster (e.g., corporate office outage), all ApexCloud employees are equipped and authorized to work securely from remote locations"""
"BCR-08.2","The provided context does not contain enough information to answer the question BCR-08.2.","approved","Business_Continuity_and_Disaster_Recovery.md: ""# ApexCloud Solutions: BCDR Policy
**Document Version:** 3.0
**Last Updated:** February 02, 2026
**Confidentiality Level:** Internal / Under NDA"" | Incident_Response_Plan.md: ""# ApexCloud Solutions: Incident Response Plan (IRP)
**Document Version:** 1.5
**Last Updated:** November 10, 2025
**Confidentiality Level:** Internal / Under NDA"""
"BCR-08.3","The provided context does not contain enough information to answer question BCR-08.3.","approved","Business_Continuity_and_Disaster_Recovery.md: ""# ApexCloud Solutions: BCDR Policy
**Document Version:** 3.0
**Last Updated:** February 02, 2026
**Confidentiality Level:** Internal / Under NDA"" | Incident_Response_Plan.md: ""# ApexCloud Solutions: Incident Response Plan (IRP)
**Document Version:** 1.5
**Last Updated:** November 10, 2025
**Confidentiality Level:** Internal / Under NDA"""
"BCR-09.1","The provided context does not contain enough information to answer the question BCR-09.1.","approved","Business_Continuity_and_Disaster_Recovery.md: ""# ApexCloud Solutions: BCDR Policy
**Document Version:** 3.0
**Last Updated:** February 02, 2026
**Confidentiality Level:** Internal / Under NDA"" | Incident_Response_Plan.md: ""# ApexCloud Solutions: Incident Response Plan (IRP)
**Document Version:** 1.5
**Last Updated:** November 10, 2025
**Confidentiality Level:** Internal / Under NDA"""
"and maintained to ensure recovery from natural and man-made disasters?","ApexCloud has a business continuity and disaster recovery plan in place, which includes the ability for employees to work securely from remote locations in the event of a localized facility disaster. Additionally, the incident response plan outlines phases for preparation, identification, containment, eradication, recovery, and lessons learned to ensure recovery from disasters.","approved","Business_Continuity_and_Disaster_Recovery.md: ""## 4. Continuity of Operations
In the event of a localized facility disaster (e.g., corporate office outage), all ApexCloud employees are equipped and authorized to work securely from remote locations"" | Incident_Response_Plan.md: ""## 2. Incident Response Phases
1.  **Preparation:** Maintaining tooling (SIEM, EDR), staff training, and this living document.
2.  **Identification:** Triaging alerts from monitoring tools. Any employ"""
"a disaster response plan to recover from natural and man-made disasters. Update","The provided context does not contain information about a disaster response plan to recover from natural and man-made disasters. It only discusses the Incident Response Plan (IRP) which focuses on responding to security incidents.","approved","Incident_Response_Plan.md: ""# ApexCloud Solutions: Incident Response Plan (IRP)
**Document Version:** 1.5
**Last Updated:** November 10, 2025
**Confidentiality Level:** Internal / Under NDA"""
"the plan at least annually or upon significant changes.","The provided context does not contain information about reviewing or updating the plan at least annually or upon significant changes. However, it does mention that all changes to production infrastructure must be documented and include a rollback plan, but it does not specify the frequency of reviewing the plan itself.","approved","Application_Security_and_Vulnerability_Management.md: ""## 3. Change Management
All changes to production infrastructure must be documented, approved by the Change Advisory Board (CAB) for high-risk changes, and include a documented rollback plan in case o"" | Incident_Response_Plan.md: ""# ApexCloud Solutions: Incident Response Plan (IRP)
**Document Version:** 1.5
**Last Updated:** November 10, 2025
**Confidentiality Level:** Internal / Under NDA"""
"BCR-09.2","The provided context does not contain enough information to answer question BCR-09.2.","approved","Business_Continuity_and_Disaster_Recovery.md: ""# ApexCloud Solutions: BCDR Policy
**Document Version:** 3.0
**Last Updated:** February 02, 2026
**Confidentiality Level:** Internal / Under NDA"" | Incident_Response_Plan.md: ""# ApexCloud Solutions: Incident Response Plan (IRP)
**Document Version:** 1.5
**Last Updated:** November 10, 2025
**Confidentiality Level:** Internal / Under NDA"""
"changes occur?","All changes to production infrastructure must be documented, approved by the Change Advisory Board (CAB) for high-risk changes, and include a documented rollback plan in case of deployment failure.","approved","Application_Security_and_Vulnerability_Management.md: ""## 3. Change Management
All changes to production infrastructure must be documented, approved by the Change Advisory Board (CAB) for high-risk changes, and include a documented rollback plan in case o"" | data_management_policy.md: ""# StrataFlow Enterprise: Data Management and Encryption Policy
**Effective Date:** November 10, 2025
**Version:** 4.0"""
"CCC-01.1","The provided context does not contain enough information to answer the question CCC-01.1 as it only includes metadata about various policy documents without any specific details related to the question.","approved","Business_Continuity_and_Disaster_Recovery.md: ""# ApexCloud Solutions: BCDR Policy
**Document Version:** 3.0
**Last Updated:** February 02, 2026
**Confidentiality Level:** Internal / Under NDA"" | Information_Security_Policy.md: ""# ApexCloud Solutions: Information Security Policy (ISP)
**Document Version:** 2.1
**Last Updated:** January 15, 2026
**Confidentiality Level:** Internal / Under NDA"""
"or used by the organization established","The context provided does not contain enough information to answer the question about what is or is used by the organization established.","approved","information_security_policy.md: ""# StrataFlow Enterprise: Information Security Policy
**Effective Date:** January 1, 2026
**Version:** 3.2"" | data_management_policy.md: ""# StrataFlow Enterprise: Data Management and Encryption Policy
**Effective Date:** November 10, 2025
**Version:** 4.0"""
"policies and procedures for managing the risks associated with applying changes","The organization has a change management policy that requires all changes to production infrastructure to be documented, approved by the Change Advisory Board (CAB) for high-risk changes, and include a documented rollback plan in case of deployment failure. Additionally, the organization has a vulnerability management process that includes regular scanning, penetration testing, and a defined SLA for remediation of vulnerabilities based on their severity.","approved","Application_Security_and_Vulnerability_Management.md: ""## 3. Change Management
All changes to production infrastructure must be documented, approved by the Change Advisory Board (CAB) for high-risk changes, and include a documented rollback plan in case o"""
"to assets owned","The provided context does not contain enough information to answer the question about assets owned.","approved","Application_Security_and_Vulnerability_Management.md: ""# ApexCloud Solutions: AppSec & TVM Policy
**Document Version:** 2.2
**Last Updated:** March 01, 2026
**Confidentiality Level:** Internal / Under NDA"" | Information_Security_Policy.md: ""## 2. Identity and Access Management (IAM)
* **Role-Based Access Control (RBAC):** All access to production systems and customer data is strictly governed by RBAC, adhering to the principle of least p"""
"CCC-01.2","The provided context does not contain enough information to answer the question CCC-01.2 as the context chunks are either incomplete, redundant or do not reference the question.","approved","Business_Continuity_and_Disaster_Recovery.md: ""# ApexCloud Solutions: BCDR Policy
**Document Version:** 3.0
**Last Updated:** February 02, 2026
**Confidentiality Level:** Internal / Under NDA"" | Application_Security_and_Vulnerability_Management.md: ""# ApexCloud Solutions: AppSec & TVM Policy
**Document Version:** 2.2
**Last Updated:** March 01, 2026
**Confidentiality Level:** Internal / Under NDA"""
"CCC-02.1","The provided context does not contain enough information to answer the question CCC-02.1 as the context chunks are either incomplete, lacking specific details, or do not reference the question directly.","approved","Business_Continuity_and_Disaster_Recovery.md: ""# ApexCloud Solutions: BCDR Policy
**Document Version:** 3.0
**Last Updated:** February 02, 2026
**Confidentiality Level:** Internal / Under NDA"" | Information_Security_Policy.md: ""# ApexCloud Solutions: Information Security Policy (ISP)
**Document Version:** 2.1
**Last Updated:** January 15, 2026
**Confidentiality Level:** Internal / Under NDA"""
"and release standards","The provided context does not contain specific information about release standards. However, it does mention that all changes to production infrastructure must be documented, approved by the Change Advisory Board (CAB) for high-risk changes, and include a documented rollback plan in case of deployment failure. Additionally, it outlines secure software development life cycle (SDLC) practices such as code review, automated testing, and environment separation.","approved","Application_Security_and_Vulnerability_Management.md: ""## 3. Change Management
All changes to production infrastructure must be documented, approved by the Change Advisory Board (CAB) for high-risk changes, and include a documented rollback plan in case o"""
"incorporating baselines","The security baseline for all ApexCloud Solutions information systems, data, and personnel is outlined in the Information Security Policy to ensure the confidentiality, integrity, and availability of customer data. This baseline is further supported by backup procedures outlined in the Business Continuity and Disaster Recovery document, which includes daily full database backups, hourly incremental backups, and a 30-day retention period.","approved","Information_Security_Policy.md: ""## 1. Purpose
This policy outlines the security baseline for all ApexCloud Solutions information systems, data, and personnel to ensure the confidentiality, integrity, and availability of customer dat"" | Business_Continuity_and_Disaster_Recovery.md: ""## 3. Backups
* **Frequency:** Full database backups are taken daily. Incremental backups are taken hourly.
* **Storage:** Backups are stored in an isolated, immutable storage bucket in a geographical"""
"CCC-04.1","The provided context does not contain enough information to answer the question CCC-04.1 as the context chunks are mostly repetitive and lack specific details about the question.","approved","Business_Continuity_and_Disaster_Recovery.md: ""# ApexCloud Solutions: BCDR Policy
**Document Version:** 3.0
**Last Updated:** February 02, 2026
**Confidentiality Level:** Internal / Under NDA"" | Information_Security_Policy.md: ""# ApexCloud Solutions: Information Security Policy (ISP)
**Document Version:** 2.1
**Last Updated:** January 15, 2026
**Confidentiality Level:** Internal / Under NDA"""
"used by the organization","Okta SSO","approved","Information_Security_Policy.md: ""## 2. Identity and Access Management (IAM)
* **Role-Based Access Control (RBAC):** All access to production systems and customer data is strictly governed by RBAC, adhering to the principle of least p"" | information_security_policy.md: ""## 1. Access Control
Access to StrataFlow Enterprise systems and customer data is strictly governed by Role-Based Access Control (RBAC). All employee access requires authentication via our centralized"""
"of assets that are owned","The provided context does not contain information about assets that are owned. It primarily discusses access control, identity and access management, and security policies.","approved","information_security_policy.md: ""## 1. Access Control
Access to StrataFlow Enterprise systems and customer data is strictly governed by Role-Based Access Control (RBAC). All employee access requires authentication via our centralized"" | Information_Security_Policy.md: ""## 2. Identity and Access Management (IAM)
* **Role-Based Access Control (RBAC):** All access to production systems and customer data is strictly governed by RBAC, adhering to the principle of least p"""
"CCC-05.1","The provided context does not contain enough information to answer question CCC-05.1.","approved","Business_Continuity_and_Disaster_Recovery.md: ""# ApexCloud Solutions: BCDR Policy
**Document Version:** 3.0
**Last Updated:** February 02, 2026
**Confidentiality Level:** Internal / Under NDA"" | Incident_Response_Plan.md: ""# ApexCloud Solutions: Incident Response Plan (IRP)
**Document Version:** 1.5
**Last Updated:** November 10, 2025
**Confidentiality Level:** Internal / Under NDA"""
"authorized requests included within service level agreements?","The provided context does not contain information about authorized requests included within service level agreements. The context only includes metadata about the Incident Response Plan and Information Security Policy documents, but does not provide details about their content.","approved","Incident_Response_Plan.md: ""# ApexCloud Solutions: Incident Response Plan (IRP)
**Document Version:** 1.5
**Last Updated:** November 10, 2025
**Confidentiality Level:** Internal / Under NDA"" | Information_Security_Policy.md: ""# ApexCloud Solutions: Information Security Policy (ISP)
**Document Version:** 2.1
**Last Updated:** January 15, 2026
**Confidentiality Level:** Internal / Under NDA"""
"to explicitly authorized requests within service level agreements.","The provided context does not contain enough information to answer the question about explicitly authorized requests within service level agreements.","approved","Information_Security_Policy.md: ""## 1. Purpose
This policy outlines the security baseline for all ApexCloud Solutions information systems, data, and personnel to ensure the confidentiality, integrity, and availability of customer dat"""
"CCC-06.1","The provided context does not contain enough information to answer the question CCC-06.1 as it only includes metadata about various policy documents without any specific details related to the question.","approved","Business_Continuity_and_Disaster_Recovery.md: ""# ApexCloud Solutions: BCDR Policy
**Document Version:** 3.0
**Last Updated:** February 02, 2026
**Confidentiality Level:** Internal / Under NDA"" | Information_Security_Policy.md: ""# ApexCloud Solutions: Information Security Policy (ISP)
**Document Version:** 2.1
**Last Updated:** January 15, 2026
**Confidentiality Level:** Internal / Under NDA"""
"authorized changes on organizational assets?","All changes to production infrastructure must be documented, approved by the Change Advisory Board (CAB) for high-risk changes, and include a documented rollback plan in case of deployment failure.","approved","Application_Security_and_Vulnerability_Management.md: ""## 3. Change Management
All changes to production infrastructure must be documented, approved by the Change Advisory Board (CAB) for high-risk changes, and include a documented rollback plan in case o"" | Information_Security_Policy.md: ""## 2. Identity and Access Management (IAM)
* **Role-Based Access Control (RBAC):** All access to production systems and customer data is strictly governed by RBAC, adhering to the principle of least p"""
"authorized changes on organization assets. Review and update the baselines at least annually or upon significant changes.","The organization requires all changes to production infrastructure to be documented, approved by the Change Advisory Board (CAB) for high-risk changes, and include a documented rollback plan in case of deployment failure. However, the provided context does not explicitly mention reviewing and updating baselines at least annually or upon significant changes for authorized changes on organization assets.","approved","Application_Security_and_Vulnerability_Management.md: ""## 3. Change Management
All changes to production infrastructure must be documented, approved by the Change Advisory Board (CAB) for high-risk changes, and include a documented rollback plan in case o"""
"CCC-06.2","The provided context does not contain enough information to answer the question CCC-06.2 as it only includes metadata about various policy documents without any specific details related to the question.","approved","Business_Continuity_and_Disaster_Recovery.md: ""# ApexCloud Solutions: BCDR Policy
**Document Version:** 3.0
**Last Updated:** February 02, 2026
**Confidentiality Level:** Internal / Under NDA"" | Application_Security_and_Vulnerability_Management.md: ""# ApexCloud Solutions: AppSec & TVM Policy
**Document Version:** 2.2
**Last Updated:** March 01, 2026
**Confidentiality Level:** Internal / Under NDA"""
"CCC-07.1","The provided context does not contain enough information to answer the question CCC-07.1.","approved","Business_Continuity_and_Disaster_Recovery.md: ""# ApexCloud Solutions: BCDR Policy
**Document Version:** 3.0
**Last Updated:** February 02, 2026
**Confidentiality Level:** Internal / Under NDA"" | Information_Security_Policy.md: ""# ApexCloud Solutions: Information Security Policy (ISP)
**Document Version:** 2.1
**Last Updated:** January 15, 2026
**Confidentiality Level:** Internal / Under NDA"""
"deviate from established baselines?","Changes to production infrastructure must be documented, approved by the Change Advisory Board (CAB) for high-risk changes, and include a documented rollback plan in case of deployment failure. This implies that deviations from established baselines should be managed through the change management process, which includes approval and documentation.","approved","Application_Security_and_Vulnerability_Management.md: ""## 3. Change Management
All changes to production infrastructure must be documented, approved by the Change Advisory Board (CAB) for high-risk changes, and include a documented rollback plan in case o"""
"of changes deviating from the established baseline.","The provided context does not contain information about changes deviating from the established baseline. It discusses change management and backup processes, but does not address deviations from a baseline.","approved","Application_Security_and_Vulnerability_Management.md: ""## 3. Change Management
All changes to production infrastructure must be documented, approved by the Change Advisory Board (CAB) for high-risk changes, and include a documented rollback plan in case o"" | Business_Continuity_and_Disaster_Recovery.md: ""## 3. Backups
* **Frequency:** Full database backups are taken daily. Incremental backups are taken hourly.
* **Storage:** Backups are stored in an isolated, immutable storage bucket in a geographical"""
"CCC-09.1","The provided context does not contain enough information to answer the question CCC-09.1 as it only includes metadata about various policy documents without any specific details related to the question.","approved","Business_Continuity_and_Disaster_Recovery.md: ""# ApexCloud Solutions: BCDR Policy
**Document Version:** 3.0
**Last Updated:** February 02, 2026
**Confidentiality Level:** Internal / Under NDA"" | Application_Security_and_Vulnerability_Management.md: ""# ApexCloud Solutions: AppSec & TVM Policy
**Document Version:** 2.2
**Last Updated:** March 01, 2026
**Confidentiality Level:** Internal / Under NDA"""
"state"""" defined and implemented in case of errors or security concerns?","The provided context does not contain information about a 'state' defined and implemented in case of errors or security concerns. However, it does mention that builds will fail if critical vulnerabilities are detected during Automated Static Application Security Testing (SAST) and Software Composition Analysis (SCA), indicating some form of error handling or security concern response. Yet, this does not directly address the concept of a 'state' as it relates to errors or security concerns.","approved","Application_Security_and_Vulnerability_Management.md: ""## 1. Secure Software Development Life Cycle (SDLC)
* **Code Review:** All code changes must undergo a peer review by at least one other engineer before being merged into the main branch.
* **Testing:"" | Information_Security_Policy.md: ""# ApexCloud Solutions: Information Security Policy (ISP)
**Document Version:** 2.1
**Last Updated:** January 15, 2026
**Confidentiality Level:** Internal / Under NDA"""
"a previous known good state in case of errors or security concerns.","The provided context does not contain enough information to determine how a previous known good state is handled in case of errors or security concerns.","approved","data_management_policy.md: ""# StrataFlow Enterprise: Data Management and Encryption Policy
**Effective Date:** November 10, 2025
**Version:** 4.0"" | Information_Security_Policy.md: ""# ApexCloud Solutions: Information Security Policy (ISP)
**Document Version:** 2.1
**Last Updated:** January 15, 2026
**Confidentiality Level:** Internal / Under NDA"""
"CEK-01.1","The provided context does not contain enough information to answer the question CEK-01.1.","approved","Business_Continuity_and_Disaster_Recovery.md: ""# ApexCloud Solutions: BCDR Policy
**Document Version:** 3.0
**Last Updated:** February 02, 2026
**Confidentiality Level:** Internal / Under NDA"" | Application_Security_and_Vulnerability_Management.md: ""# ApexCloud Solutions: AppSec & TVM Policy
**Document Version:** 2.2
**Last Updated:** March 01, 2026
**Confidentiality Level:** Internal / Under NDA"""
"documented","All changes to production infrastructure must be documented","approved","Application_Security_and_Vulnerability_Management.md: ""## 3. Change Management
All changes to production infrastructure must be documented, approved by the Change Advisory Board (CAB) for high-risk changes, and include a documented rollback plan in case o"" | Business_Continuity_and_Disaster_Recovery.md: ""# ApexCloud Solutions: BCDR Policy
**Document Version:** 3.0
**Last Updated:** February 02, 2026
**Confidentiality Level:** Internal / Under NDA"""
"policies and procedures for Cryptography","The provided context does not contain specific information about the policies and procedures for cryptography. However, the Information Security Policy (ISP) document is mentioned, which typically includes guidelines for cryptography. Since the actual content of the ISP related to cryptography is not provided in the context chunks, it's not possible to give a detailed answer.","approved","Information_Security_Policy.md: ""# ApexCloud Solutions: Information Security Policy (ISP)
**Document Version:** 2.1
**Last Updated:** January 15, 2026
**Confidentiality Level:** Internal / Under NDA"""
"and update the policies and procedures at least annually","The provided context does not explicitly state that policies and procedures are updated at least annually. However, it does mention that security awareness training is required annually for all personnel.","approved","information_security_policy.md: ""# StrataFlow Enterprise: Information Security Policy
**Effective Date:** January 1, 2026
**Version:** 3.2"" | Information_Security_Policy.md: ""## 4. Human Resources Security
* **Background Checks:** All employees and contractors must undergo standard criminal background checks prior to employment.
* **Security Training:** All personnel must """
"CEK-01.2","The provided context does not contain enough information to answer the question CEK-01.2.","approved","Application_Security_and_Vulnerability_Management.md: ""# ApexCloud Solutions: AppSec & TVM Policy
**Document Version:** 2.2
**Last Updated:** March 01, 2026
**Confidentiality Level:** Internal / Under NDA"" | Business_Continuity_and_Disaster_Recovery.md: ""# ApexCloud Solutions: BCDR Policy
**Document Version:** 3.0
**Last Updated:** February 02, 2026
**Confidentiality Level:** Internal / Under NDA"""
"and updated at least annually","The penetration test is conducted by a certified third-party security firm and updated at least annually.","approved","Application_Security_and_Vulnerability_Management.md: ""## 2. Vulnerability Management
* **Scanning:** Infrastructure and application vulnerability scans are conducted weekly using automated tooling.
* **Penetration Testing:** A certified third-party secur"" | information_security_policy.md: ""# StrataFlow Enterprise: Information Security Policy
**Effective Date:** January 1, 2026
**Version:** 3.2"""
"CEK-02.1","The provided context does not contain enough information to answer the question CEK-02.1.","approved","Application_Security_and_Vulnerability_Management.md: ""# ApexCloud Solutions: AppSec & TVM Policy
**Document Version:** 2.2
**Last Updated:** March 01, 2026
**Confidentiality Level:** Internal / Under NDA"" | Business_Continuity_and_Disaster_Recovery.md: ""# ApexCloud Solutions: BCDR Policy
**Document Version:** 3.0
**Last Updated:** February 02, 2026
**Confidentiality Level:** Internal / Under NDA"""
"defined and implemented?","A Secure Software Development Life Cycle (SDLC) is defined and implemented, which includes code review, testing, and environment separation. However, the context does not provide information on the implementation details of the security baseline for information systems, data, and personnel as outlined in the Information Security Policy.","approved","Application_Security_and_Vulnerability_Management.md: ""## 1. Secure Software Development Life Cycle (SDLC)
* **Code Review:** All code changes must undergo a peer review by at least one other engineer before being merged into the main branch.
* **Testing:"" | Information_Security_Policy.md: ""## 1. Purpose
This policy outlines the security baseline for all ApexCloud Solutions information systems, data, and personnel to ensure the confidentiality, integrity, and availability of customer dat"""
"roles and responsibilities.","Department heads and the IT Security team are responsible for reviewing user access rights on a quarterly basis and revoking unnecessary privileges immediately. The Security and Compliance team is also responsible for reviewing access privileges quarterly.","approved","Information_Security_Policy.md: ""## 2. Identity and Access Management (IAM)
* **Role-Based Access Control (RBAC):** All access to production systems and customer data is strictly governed by RBAC, adhering to the principle of least p"" | information_security_policy.md: ""## 1. Access Control
Access to StrataFlow Enterprise systems and customer data is strictly governed by Role-Based Access Control (RBAC). All employee access requires authentication via our centralized"""
"CEK-03.1","The provided context does not contain enough information to answer the question CEK-03.1.","approved","Business_Continuity_and_Disaster_Recovery.md: ""# ApexCloud Solutions: BCDR Policy
**Document Version:** 3.0
**Last Updated:** February 02, 2026
**Confidentiality Level:** Internal / Under NDA"" | Application_Security_and_Vulnerability_Management.md: ""# ApexCloud Solutions: AppSec & TVM Policy
**Document Version:** 2.2
**Last Updated:** March 01, 2026
**Confidentiality Level:** Internal / Under NDA"""
"cryptographic libraries certified to approved standards?","The context does not explicitly mention the certification of cryptographic libraries to approved standards. However, it does mention the use of specific encryption protocols such as TLS 1.3 or higher and AES-256, which are widely recognized standards.","approved","data_management_policy.md: ""## 1. Encryption Standards
Protecting customer data is our highest priority. All Customer Data processed by StrataFlow Enterprise is encrypted both in transit and at rest.
* **In Transit:** All data t"" | Information_Security_Policy.md: ""## 3. Data Security and Encryption
* **Data at Rest:** All customer data stored in ApexCloud databases is encrypted using AES-256 encryption.
* **Data in Transit:** All data transmitted over public ne"""
"using cryptographic libraries certified to approved standards.","The context does not explicitly mention the use of cryptographic libraries certified to approved standards. However, it does mention the use of specific encryption protocols such as TLS 1.3 or higher and AES-256 encryption, which are widely recognized standards.","approved","data_management_policy.md: ""## 1. Encryption Standards
Protecting customer data is our highest priority. All Customer Data processed by StrataFlow Enterprise is encrypted both in transit and at rest.
* **In Transit:** All data t"" | Information_Security_Policy.md: ""## 3. Data Security and Encryption
* **Data at Rest:** All customer data stored in ApexCloud databases is encrypted using AES-256 encryption.
* **Data in Transit:** All data transmitted over public ne"""
"CEK-04.1","The provided context does not contain enough information to answer the question CEK-04.1.","approved","Business_Continuity_and_Disaster_Recovery.md: ""# ApexCloud Solutions: BCDR Policy
**Document Version:** 3.0
**Last Updated:** February 02, 2026
**Confidentiality Level:** Internal / Under NDA"" | Application_Security_and_Vulnerability_Management.md: ""# ApexCloud Solutions: AppSec & TVM Policy
**Document Version:** 2.2
**Last Updated:** March 01, 2026
**Confidentiality Level:** Internal / Under NDA"""
"data classification and associated risks?","The provided context does not contain information about data classification and associated risks. It discusses human resources security and data security measures such as encryption and key management, but does not provide details on data classification.","approved","Information_Security_Policy.md: ""## 4. Human Resources Security
* **Background Checks:** All employees and contractors must undergo standard criminal background checks prior to employment.
* **Security Training:** All personnel must """
"the data classification and associated risks.","The provided context does not contain information about data classification and associated risks. It discusses data security and encryption measures, such as encryption at rest and in transit, data segregation, and key management, as well as human resources security policies like background checks and security training. However, it does not provide details on how data is classified or the specific risks associated with different types of data.","approved","Information_Security_Policy.md: ""## 3. Data Security and Encryption
* **Data at Rest:** All customer data stored in ApexCloud databases is encrypted using AES-256 encryption.
* **Data in Transit:** All data transmitted over public ne"""
"CEK-05.1","The provided context does not contain enough information to answer the question CEK-05.1.","approved","Business_Continuity_and_Disaster_Recovery.md: ""# ApexCloud Solutions: BCDR Policy
**Document Version:** 3.0
**Last Updated:** February 02, 2026
**Confidentiality Level:** Internal / Under NDA"" | Application_Security_and_Vulnerability_Management.md: ""# ApexCloud Solutions: AppSec & TVM Policy
**Document Version:** 2.2
**Last Updated:** March 01, 2026
**Confidentiality Level:** Internal / Under NDA"""
"implement and communicate cryptography","The provided context does not contain specific information on implementing and communicating cryptography. However, it does mention the Computer Security Incident Response Team (CSIRT) and the notification process in the event of a confirmed data breach, which may involve cryptographic measures. The Application Security and Vulnerability Management document does not provide details on cryptography implementation.","approved","Incident_Response_Plan.md: ""## 3. Notification and Communication
* **Internal:** The Computer Security Incident Response Team (CSIRT) is notified immediately upon confirmation of a high-severity incident.
* **External/Customers:"" | Application_Security_and_Vulnerability_Management.md: ""# ApexCloud Solutions: AppSec & TVM Policy
**Document Version:** 2.2
**Last Updated:** March 01, 2026
**Confidentiality Level:** Internal / Under NDA"""
"changes that accommodate internal and external sources?","The provided context does not contain enough information to determine how changes accommodate internal and external sources. The context only discusses the general process for change management and secure software development life cycle, but does not provide details on how these processes handle internal and external sources.","approved","Application_Security_and_Vulnerability_Management.md: ""## 3. Change Management
All changes to production infrastructure must be documented, approved by the Change Advisory Board (CAB) for high-risk changes, and include a documented rollback plan in case o"""
"changes from internal and external sources","Changes from internal sources are managed through the Change Advisory Board (CAB) for high-risk changes, with requirements for documentation and rollback plans. External changes, such as those related to customer data breaches, are addressed through notification protocols where affected customers are informed within 48 hours of verification.","approved","Incident_Response_Plan.md: ""## 3. Notification and Communication
* **Internal:** The Computer Security Incident Response Team (CSIRT) is notified immediately upon confirmation of a high-severity incident.
* **External/Customers:"" | Application_Security_and_Vulnerability_Management.md: ""## 3. Change Management
All changes to production infrastructure must be documented, approved by the Change Advisory Board (CAB) for high-risk changes, and include a documented rollback plan in case o"""
"and communication of cryptographic","The context does not contain enough information to provide a detailed answer about the management and communication of cryptographic keys and protocols. However, it can be inferred that encryption keys are managed securely via AWS Key Management Service (KMS) and are rotated annually.","approved","data_management_policy.md: ""## 1. Encryption Standards
Protecting customer data is our highest priority. All Customer Data processed by StrataFlow Enterprise is encrypted both in transit and at rest.
* **In Transit:** All data t"" | Information_Security_Policy.md: ""## 3. Data Security and Encryption
* **Data at Rest:** All customer data stored in ApexCloud databases is encrypted using AES-256 encryption.
* **Data in Transit:** All data transmitted over public ne"""
"changes.","All changes to production infrastructure must be documented, approved by the Change Advisory Board (CAB) for high-risk changes, and include a documented rollback plan in case of deployment failure.","approved","Application_Security_and_Vulnerability_Management.md: ""## 3. Change Management
All changes to production infrastructure must be documented, approved by the Change Advisory Board (CAB) for high-risk changes, and include a documented rollback plan in case o"" | Incident_Response_Plan.md: ""## 3. Notification and Communication
* **Internal:** The Computer Security Incident Response Team (CSIRT) is notified immediately upon confirmation of a high-severity incident.
* **External/Customers:"""
"CEK-10.1","The provided context does not contain enough information to answer the question CEK-10.1.","approved","Application_Security_and_Vulnerability_Management.md: ""# ApexCloud Solutions: AppSec & TVM Policy
**Document Version:** 2.2
**Last Updated:** March 01, 2026
**Confidentiality Level:** Internal / Under NDA"" | Business_Continuity_and_Disaster_Recovery.md: ""# ApexCloud Solutions: BCDR Policy
**Document Version:** 3.0
**Last Updated:** February 02, 2026
**Confidentiality Level:** Internal / Under NDA"""
"libraries that specify algorithm strength and random number generator specifications?","The context does not explicitly mention specific libraries that specify algorithm strength and random number generator specifications. However, it does mention the use of TLS 1.3 or higher for encryption in transit and AES-256 encryption for data at rest, with encryption keys managed via AWS Key Management Service (KMS).","approved","data_management_policy.md: ""## 1. Encryption Standards
Protecting customer data is our highest priority. All Customer Data processed by StrataFlow Enterprise is encrypted both in transit and at rest.
* **In Transit:** All data t"""
"libraries specifying the algorithm strength and the random number generator","The context does not explicitly mention libraries specifying the algorithm strength and the random number generator. However, it does mention the use of TLS 1.3 or higher for in-transit encryption and AES-256 encryption for at-rest encryption, with encryption keys managed via AWS Key Management Service (KMS).","approved","data_management_policy.md: ""## 1. Encryption Standards
Protecting customer data is our highest priority. All Customer Data processed by StrataFlow Enterprise is encrypted both in transit and at rest.
* **In Transit:** All data t"""
"used.","The context provided does not contain enough information to answer the question as it seems incomplete. The question itself is 'used' which lacks clarity and context.","approved","data_management_policy.md: ""## 2. Hosting Environment
StrataFlow Enterprise production workloads are hosted exclusively on Amazon Web Services (AWS) within the `us-east-1` (Northern Virginia) and `us-west-2` (Oregon) regions. We"" | Application_Security_and_Vulnerability_Management.md: ""## 3. Change Management
All changes to production infrastructure must be documented, approved by the Change Advisory Board (CAB) for high-risk changes, and include a documented rollback plan in case o"""
"CEK-12.1","The provided context does not contain enough information to answer the question CEK-12.1.","approved","Application_Security_and_Vulnerability_Management.md: ""# ApexCloud Solutions: AppSec & TVM Policy
**Document Version:** 2.2
**Last Updated:** March 01, 2026
**Confidentiality Level:** Internal / Under NDA"" | Business_Continuity_and_Disaster_Recovery.md: ""# ApexCloud Solutions: BCDR Policy
**Document Version:** 3.0
**Last Updated:** February 02, 2026
**Confidentiality Level:** Internal / Under NDA"""
"information disclosure risks and legal and regulatory requirements?","The provided context does not contain enough information to fully address information disclosure risks and legal and regulatory requirements. However, it mentions security awareness training that includes data privacy (GDPR/CCPA), indicating awareness of some legal and regulatory requirements.","approved","Information_Security_Policy.md: ""## 4. Human Resources Security
* **Background Checks:** All employees and contractors must undergo standard criminal background checks prior to employment.
* **Security Training:** All personnel must """
"which includes provisions for considering the risk of information disclosure","The Information Security Policy (ISP) includes provisions for considering the risk of information disclosure, specifically through background checks and security training for all personnel, which helps mitigate the risk of information disclosure.","approved","Information_Security_Policy.md: ""# ApexCloud Solutions: Information Security Policy (ISP)
**Document Version:** 2.1
**Last Updated:** January 15, 2026
**Confidentiality Level:** Internal / Under NDA"""
"and legal and regulatory requirements.","The provided context does not contain enough information to fully address legal and regulatory requirements. However, it mentions data privacy (GDPR/CCPA) as part of the security awareness training, indicating some consideration of regulatory requirements.","approved","Information_Security_Policy.md: ""## 4. Human Resources Security
* **Background Checks:** All employees and contractors must undergo standard criminal background checks prior to employment.
* **Security Training:** All personnel must """
"CEK-13.1","The provided context does not contain enough information to answer the question CEK-13.1.","approved","Application_Security_and_Vulnerability_Management.md: ""# ApexCloud Solutions: AppSec & TVM Policy
**Document Version:** 2.2
**Last Updated:** March 01, 2026
**Confidentiality Level:** Internal / Under NDA"" | Business_Continuity_and_Disaster_Recovery.md: ""# ApexCloud Solutions: BCDR Policy
**Document Version:** 3.0
**Last Updated:** February 02, 2026
**Confidentiality Level:** Internal / Under NDA"""
"cryptoperiod (when a key is compromised","The provided context does not contain information about the cryptoperiod, which is the time period during which a key is considered secure and can be used for cryptographic purposes. However, it does mention that passwords expire and must be rotated every 90 days, which could be related to key rotation but is not directly about cryptoperiod.","approved","information_security_policy.md: ""## 2. Password Requirements
For legacy systems that do not yet support SSO, or for service accounts, the following password complexity rules are enforced systematically:
* Minimum length of 14 charact"" | Incident_Response_Plan.md: ""## 2. Incident Response Phases
1.  **Preparation:** Maintaining tooling (SIEM, EDR), staff training, and this living document.
2.  **Identification:** Triaging alerts from monitoring tools. Any employ"""
"organization) per defined","The provided context does not contain enough information to answer the question about the organization per defined. The context only includes metadata about various documents, such as the Information Security Policy and the Business Continuity and Disaster Recovery Policy, but does not provide details about the organization itself.","approved","Information_Security_Policy.md: ""# ApexCloud Solutions: Information Security Policy (ISP)
**Document Version:** 2.1
**Last Updated:** January 15, 2026
**Confidentiality Level:** Internal / Under NDA"" | Business_Continuity_and_Disaster_Recovery.md: ""# ApexCloud Solutions: BCDR Policy
**Document Version:** 3.0
**Last Updated:** February 02, 2026
**Confidentiality Level:** Internal / Under NDA"""
"technical measures to include legal and regulatory requirement provisions?","The provided context does not contain sufficient information regarding technical measures, legal, and regulatory requirement provisions. However, it mentions security awareness training that includes data privacy (GDPR/CCPA), which implies compliance with certain regulatory requirements.","approved","Application_Security_and_Vulnerability_Management.md: ""# ApexCloud Solutions: AppSec & TVM Policy
**Document Version:** 2.2
**Last Updated:** March 01, 2026
**Confidentiality Level:** Internal / Under NDA"" | Information_Security_Policy.md: ""## 4. Human Resources Security
* **Background Checks:** All employees and contractors must undergo standard criminal background checks prior to employment.
* **Security Training:** All personnel must """
"measures to revoke and remove cryptographic keys prior to the end of its established","The provided context does not contain information about measures to revoke and remove cryptographic keys prior to the end of its established period. The context only discusses endpoint management, full disk encryption, and disabling of USB mass storage devices, but does not address key revocation or removal.","approved","information_security_policy.md: ""## 3. Endpoint Management
All company-issued workstations (laptops and desktops) are managed via Mobile Device Management (MDM) solutions (Jamf for macOS, Microsoft Intune for Windows). 
* Full disk e"" | data_management_policy.md: ""# StrataFlow Enterprise: Data Management and Encryption Policy
**Effective Date:** November 10, 2025
**Version:** 4.0"""
"cryptoperiod","The provided context does not contain information about cryptoperiod. However, it does mention password rotation every 90 days, which could be related to key rotation or cryptoperiod in certain contexts, but this is not explicitly stated.","approved","information_security_policy.md: ""## 2. Password Requirements
For legacy systems that do not yet support SSO, or for service accounts, the following password complexity rules are enforced systematically:
* Minimum length of 14 charact"" | Business_Continuity_and_Disaster_Recovery.md: ""## 2. Recovery Objectives
* **Recovery Time Objective (RTO):** 4 hours. (The maximum acceptable time the application can be offline).
* **Recovery Point Objective (RPO):** 1 hour. (The maximum accepta"""
"organization","The organization, ApexCloud, has a business continuity and disaster recovery plan in place, which includes the ability for employees to work securely from remote locations in the event of a localized facility disaster. Additionally, the organization has an information security policy that governs access to its systems and customer data, including the use of Role-Based Access Control (RBAC), Multi-Factor Authentication (MFA), and regular reviews of access privileges.","approved","Business_Continuity_and_Disaster_Recovery.md: ""## 4. Continuity of Operations
In the event of a localized facility disaster (e.g., corporate office outage), all ApexCloud employees are equipped and authorized to work securely from remote locations"" | information_security_policy.md: ""## 1. Access Control
Access to StrataFlow Enterprise systems and customer data is strictly governed by Role-Based Access Control (RBAC). All employee access requires authentication via our centralized"""
"CEK-14.1","The provided context does not contain enough information to answer the question CEK-14.1.","approved","Application_Security_and_Vulnerability_Management.md: ""# ApexCloud Solutions: AppSec & TVM Policy
**Document Version:** 2.2
**Last Updated:** March 01, 2026
**Confidentiality Level:** Internal / Under NDA"" | Business_Continuity_and_Disaster_Recovery.md: ""# ApexCloud Solutions: BCDR Policy
**Document Version:** 3.0
**Last Updated:** February 02, 2026
**Confidentiality Level:** Internal / Under NDA"""
"when they are no longer needed","Backups are automatically purged when they are no longer needed, which is exactly 30 days after they are performed.","approved","data_management_policy.md: ""## 3. Data Backups and Retention
* Full database backups are performed daily and stored in an isolated, logically separated AWS account.
* Backups are retained for exactly 30 days before being automat"" | Business_Continuity_and_Disaster_Recovery.md: ""## 4. Continuity of Operations
In the event of a localized facility disaster (e.g., corporate office outage), all ApexCloud employees are equipped and authorized to work securely from remote locations"""
"for legal and regulatory requirements?","The organization adheres to legal and regulatory requirements such as GDPR and CCPA through security awareness training that includes data privacy.","approved","Information_Security_Policy.md: ""## 4. Human Resources Security
* **Background Checks:** All employees and contractors must undergo standard criminal background checks prior to employment.
* **Security Training:** All personnel must """
"when they are no longer needed","Backups are automatically purged when they are no longer needed, which is exactly 30 days after they are performed.","approved","data_management_policy.md: ""## 3. Data Backups and Retention
* Full database backups are performed daily and stored in an isolated, logically separated AWS account.
* Backups are retained for exactly 30 days before being automat"" | Business_Continuity_and_Disaster_Recovery.md: ""## 4. Continuity of Operations
In the event of a localized facility disaster (e.g., corporate office outage), all ApexCloud employees are equipped and authorized to work securely from remote locations"""
"DCS-04.1","The provided context does not contain enough information to answer question DCS-04.1. The context appears to be related to business continuity and disaster recovery policy, as well as application security and vulnerability management, but it does not provide specific details about the question.","approved","Business_Continuity_and_Disaster_Recovery.md: ""# ApexCloud Solutions: BCDR Policy
**Document Version:** 3.0
**Last Updated:** February 02, 2026
**Confidentiality Level:** Internal / Under NDA"" | Application_Security_and_Vulnerability_Management.md: ""## 1. Secure Software Development Life Cycle (SDLC)
* **Code Review:** All code changes must undergo a peer review by at least one other engineer before being merged into the main branch.
* **Testing:"""
"(in offices","The provided context does not contain information about specific security measures in offices. However, it does mention that employees can work securely from remote locations and that company-issued workstations are managed via Mobile Device Management (MDM) solutions with full disk encryption.","approved","Business_Continuity_and_Disaster_Recovery.md: ""## 4. Continuity of Operations
In the event of a localized facility disaster (e.g., corporate office outage), all ApexCloud employees are equipped and authorized to work securely from remote locations"" | information_security_policy.md: ""## 3. Endpoint Management
All company-issued workstations (laptops and desktops) are managed via Mobile Device Management (MDM) solutions (Jamf for macOS, Microsoft Intune for Windows). 
* Full disk e"""
"enforced","Full disk encryption (FileVault or BitLocker) is enforced on all endpoints.","approved","data_management_policy.md: ""# StrataFlow Enterprise: Data Management and Encryption Policy
**Effective Date:** November 10, 2025
**Version:** 4.0"" | information_security_policy.md: ""## 3. Endpoint Management
All company-issued workstations (laptops and desktops) are managed via Mobile Device Management (MDM) solutions (Jamf for macOS, Microsoft Intune for Windows). 
* Full disk e"""
"policies and procedures for maintaining a safe and secure working environment","The organization has policies and procedures in place for maintaining a safe and secure working environment, including background checks for all employees and contractors prior to employment, and security awareness training for all personnel upon hire and annually thereafter. The training covers topics such as phishing awareness, data privacy (GDPR/CCPA), and password hygiene.","approved","Information_Security_Policy.md: ""## 4. Human Resources Security
* **Background Checks:** All employees and contractors must undergo standard criminal background checks prior to employment.
* **Security Training:** All personnel must """
"in offices","The provided context does not contain specific information about the security measures or protocols in place within offices. However, it does mention that in the event of a localized facility disaster, such as a corporate office outage, employees are equipped and authorized to work securely from remote locations.","approved","Business_Continuity_and_Disaster_Recovery.md: ""## 4. Continuity of Operations
In the event of a localized facility disaster (e.g., corporate office outage), all ApexCloud employees are equipped and authorized to work securely from remote locations"" | information_security_policy.md: ""## 3. Endpoint Management
All company-issued workstations (laptops and desktops) are managed via Mobile Device Management (MDM) solutions (Jamf for macOS, Microsoft Intune for Windows). 
* Full disk e"""
"at least annually","Security awareness training is required at least annually, as all personnel must complete it upon hire and annually thereafter.","approved","Information_Security_Policy.md: ""## 4. Human Resources Security
* **Background Checks:** All employees and contractors must undergo standard criminal background checks prior to employment.
* **Security Training:** All personnel must "" | Business_Continuity_and_Disaster_Recovery.md: ""## 3. Backups
* **Frequency:** Full database backups are taken daily. Incremental backups are taken hourly.
* **Storage:** Backups are stored in an isolated, immutable storage bucket in a geographical"""
"DCS-04.2","ApexCloud Solutions has a Secure Software Development Life Cycle (SDLC) that includes code review, automated Static Application Security Testing (SAST), and Software Composition Analysis (SCA) integrated into the CI/CD pipeline. However, the provided context does not contain enough information to fully answer question DCS-04.2.","approved","Business_Continuity_and_Disaster_Recovery.md: ""# ApexCloud Solutions: BCDR Policy
**Document Version:** 3.0
**Last Updated:** February 02, 2026
**Confidentiality Level:** Internal / Under NDA"" | Application_Security_and_Vulnerability_Management.md: ""## 1. Secure Software Development Life Cycle (SDLC)
* **Code Review:** All code changes must undergo a peer review by at least one other engineer before being merged into the main branch.
* **Testing:"""
"(e.g.","StrataFlow Enterprise production workloads are hosted exclusively on Amazon Web Services (AWS) within the `us-east-1` (Northern Virginia) and `us-west-2` (Oregon) regions.","approved","Application_Security_and_Vulnerability_Management.md: ""## 1. Secure Software Development Life Cycle (SDLC)
* **Code Review:** All code changes must undergo a peer review by at least one other engineer before being merged into the main branch.
* **Testing:"" | data_management_policy.md: ""## 2. Hosting Environment
StrataFlow Enterprise production workloads are hosted exclusively on Amazon Web Services (AWS) within the `us-east-1` (Northern Virginia) and `us-west-2` (Oregon) regions. We"""
"DCS-06.1","The provided context does not contain enough information to answer question DCS-06.1. The context only provides information about the Business Continuity and Disaster Recovery policy and the Secure Software Development Life Cycle, but does not mention anything related to the specific question.","approved","Business_Continuity_and_Disaster_Recovery.md: ""# ApexCloud Solutions: BCDR Policy
**Document Version:** 3.0
**Last Updated:** February 02, 2026
**Confidentiality Level:** Internal / Under NDA"" | Application_Security_and_Vulnerability_Management.md: ""## 1. Secure Software Development Life Cycle (SDLC)
* **Code Review:** All code changes must undergo a peer review by at least one other engineer before being merged into the main branch.
* **Testing:"""
"on the organizational business risk?","The provided context does not contain enough information to assess the organizational business risk. The context primarily focuses on Identity and Access Management (IAM) policies, including Role-Based Access Control (RBAC), Multi-Factor Authentication (MFA), Access Reviews, and Offboarding procedures. While these policies are crucial for managing access and reducing security risks, they do not provide a comprehensive view of the organizational business risk.","approved","Information_Security_Policy.md: ""## 2. Identity and Access Management (IAM)
* **Role-Based Access Control (RBAC):** All access to production systems and customer data is strictly governed by RBAC, adhering to the principle of least p"" | information_security_policy.md: ""## 1. Access Control
Access to StrataFlow Enterprise systems and customer data is strictly governed by Role-Based Access Control (RBAC). All employee access requires authentication via our centralized"""
"based on the organizational business risk. Review and update the assets’ classification","The provided context does not contain information about asset classification or review and update processes based on organizational business risk. However, it does mention vulnerability management and change management processes, which could be related to asset classification. For a comprehensive review and update of assets' classification, more information about the organization's risk management framework, asset inventory, and classification criteria would be necessary.","approved","Application_Security_and_Vulnerability_Management.md: ""## 3. Change Management
All changes to production infrastructure must be documented, approved by the Change Advisory Board (CAB) for high-risk changes, and include a documented rollback plan in case o"""
"at least annually","Security awareness training is required at least annually, as all personnel must complete it upon hire and annually thereafter.","approved","Information_Security_Policy.md: ""## 4. Human Resources Security
* **Background Checks:** All employees and contractors must undergo standard criminal background checks prior to employment.
* **Security Training:** All personnel must "" | Business_Continuity_and_Disaster_Recovery.md: ""## 3. Backups
* **Frequency:** Full database backups are taken daily. Incremental backups are taken hourly.
* **Storage:** Backups are stored in an isolated, immutable storage bucket in a geographical"""
"DCS-06.2","ApexCloud Solutions has a Secure Software Development Life Cycle (SDLC) in place, which includes code review, automated Static Application Security Testing (SAST), and Software Composition Analysis (SCA) integrated into the CI/CD pipeline. However, the provided context does not contain enough information to fully answer the question DCS-06.2.","approved","Business_Continuity_and_Disaster_Recovery.md: ""# ApexCloud Solutions: BCDR Policy
**Document Version:** 3.0
**Last Updated:** February 02, 2026
**Confidentiality Level:** Internal / Under NDA"" | Application_Security_and_Vulnerability_Management.md: ""## 1. Secure Software Development Life Cycle (SDLC)
* **Code Review:** All code changes must undergo a peer review by at least one other engineer before being merged into the main branch.
* **Testing:"""
"DCS-07.1","The provided context does not contain enough information to answer question DCS-07.1. The context chunks are all related to the Secure Software Development Life Cycle (SDLC) and do not mention any specific details about DCS-07.1.","approved","Application_Security_and_Vulnerability_Management.md: ""## 1. Secure Software Development Life Cycle (SDLC)
* **Code Review:** All code changes must undergo a peer review by at least one other engineer before being merged into the main branch.
* **Testing:"" | Business_Continuity_and_Disaster_Recovery.md: ""# ApexCloud Solutions: BCDR Policy
**Document Version:** 3.0
**Last Updated:** February 02, 2026
**Confidentiality Level:** Internal / Under NDA"""
"tracked within a secured system?","The context does not contain enough information to determine what is being tracked within a secured system.","approved","information_security_policy.md: ""## 3. Endpoint Management
All company-issued workstations (laptops and desktops) are managed via Mobile Device Management (MDM) solutions (Jamf for macOS, Microsoft Intune for Windows). 
* Full disk e"""
"within a secured system. Review and update the catalogue at least annually or upon significant changes.","The provided context does not contain information about reviewing and updating a catalogue. However, it does mention that all changes to production infrastructure must be documented and include a rollback plan, and that code changes undergo peer review and automated testing.","approved","Application_Security_and_Vulnerability_Management.md: ""## 1. Secure Software Development Life Cycle (SDLC)
* **Code Review:** All code changes must undergo a peer review by at least one other engineer before being merged into the main branch.
* **Testing:"""
"DCS-07.2","The provided context does not contain enough information to answer question DCS-07.2. The context only provides information about the Business Continuity and Disaster Recovery policy and the Secure Software Development Life Cycle, but does not mention anything related to DCS-07.2.","approved","Business_Continuity_and_Disaster_Recovery.md: ""# ApexCloud Solutions: BCDR Policy
**Document Version:** 3.0
**Last Updated:** February 02, 2026
**Confidentiality Level:** Internal / Under NDA"" | Application_Security_and_Vulnerability_Management.md: ""## 1. Secure Software Development Life Cycle (SDLC)
* **Code Review:** All code changes must undergo a peer review by at least one other engineer before being merged into the main branch.
* **Testing:"""
"DSP-01.1","The provided context does not contain enough information to answer the question DSP-01.1.","approved","Information_Security_Policy.md: ""# ApexCloud Solutions: Information Security Policy (ISP)
**Document Version:** 2.1
**Last Updated:** January 15, 2026
**Confidentiality Level:** Internal / Under NDA"" | Incident_Response_Plan.md: ""# ApexCloud Solutions: Incident Response Plan (IRP)
**Document Version:** 1.5
**Last Updated:** November 10, 2025
**Confidentiality Level:** Internal / Under NDA"""
"enforced","Full disk encryption (FileVault or BitLocker) is enforced on all endpoints.","approved","data_management_policy.md: ""# StrataFlow Enterprise: Data Management and Encryption Policy
**Effective Date:** November 10, 2025
**Version:** 4.0"" | information_security_policy.md: ""## 3. Endpoint Management
All company-issued workstations (laptops and desktops) are managed via Mobile Device Management (MDM) solutions (Jamf for macOS, Microsoft Intune for Windows). 
* Full disk e"""
"of data throughout its lifecycle according to all applicable laws and regulations","The provided context does not contain enough information to fully answer how data is managed throughout its lifecycle according to all applicable laws and regulations. However, it mentions the security baseline for ApexCloud Solutions information systems, data, and personnel to ensure the confidentiality, integrity, and availability of customer data, and there is a reference to a Data Management and Encryption Policy for StrataFlow Enterprise.","approved","Information_Security_Policy.md: ""## 1. Purpose
This policy outlines the security baseline for all ApexCloud Solutions information systems, data, and personnel to ensure the confidentiality, integrity, and availability of customer dat"" | data_management_policy.md: ""# StrataFlow Enterprise: Data Management and Encryption Policy
**Effective Date:** November 10, 2025
**Version:** 4.0"""
"standards","The encryption standards used are TLS 1.3 or higher for data in transit and AES-256 for data at rest, with encryption keys managed via AWS Key Management Service (KMS).","approved","Information_Security_Policy.md: ""## 1. Purpose
This policy outlines the security baseline for all ApexCloud Solutions information systems, data, and personnel to ensure the confidentiality, integrity, and availability of customer dat"" | data_management_policy.md: ""## 1. Encryption Standards
Protecting customer data is our highest priority. All Customer Data processed by StrataFlow Enterprise is encrypted both in transit and at rest.
* **In Transit:** All data t"""
"policies and procedures for the preparation","The context does not provide sufficient information to fully outline the policies and procedures for preparation. However, it mentions that the Information Security Policy outlines the security baseline for all ApexCloud Solutions information systems, data, and personnel. Additionally, the Application Security and Vulnerability Management document mentions that all changes to production infrastructure must be documented, approved, and include a rollback plan.","approved","Information_Security_Policy.md: ""## 1. Purpose
This policy outlines the security baseline for all ApexCloud Solutions information systems, data, and personnel to ensure the confidentiality, integrity, and availability of customer dat"" | Application_Security_and_Vulnerability_Management.md: ""## 3. Change Management
All changes to production infrastructure must be documented, approved by the Change Advisory Board (CAB) for high-risk changes, and include a documented rollback plan in case o"""
"throughout its lifecycle","The provided context does not contain enough information to answer the question about security measures throughout the lifecycle of the application or system. However, it does mention various security practices such as code review, automated testing, and change management.","approved","Application_Security_and_Vulnerability_Management.md: ""## 1. Secure Software Development Life Cycle (SDLC)
* **Code Review:** All code changes must undergo a peer review by at least one other engineer before being merged into the main branch.
* **Testing:"""
"standards","The encryption standards used are TLS 1.3 or higher for data in transit and AES-256 for data at rest, with encryption keys managed via AWS Key Management Service (KMS).","approved","Information_Security_Policy.md: ""## 1. Purpose
This policy outlines the security baseline for all ApexCloud Solutions information systems, data, and personnel to ensure the confidentiality, integrity, and availability of customer dat"" | data_management_policy.md: ""## 1. Encryption Standards
Protecting customer data is our highest priority. All Customer Data processed by StrataFlow Enterprise is encrypted both in transit and at rest.
* **In Transit:** All data t"""
"least annually","A certified third-party security firm conducts an independent penetration test at least annually.","approved","Business_Continuity_and_Disaster_Recovery.md: ""## 3. Backups
* **Frequency:** Full database backups are taken daily. Incremental backups are taken hourly.
* **Storage:** Backups are stored in an isolated, immutable storage bucket in a geographical"" | Application_Security_and_Vulnerability_Management.md: ""## 2. Vulnerability Management
* **Scanning:** Infrastructure and application vulnerability scans are conducted weekly using automated tooling.
* **Penetration Testing:** A certified third-party secur"""
"DSP-01.2","The provided context does not contain enough information to answer the question DSP-01.2.","approved","Information_Security_Policy.md: ""# ApexCloud Solutions: Information Security Policy (ISP)
**Document Version:** 2.1
**Last Updated:** January 15, 2026
**Confidentiality Level:** Internal / Under NDA"" | Application_Security_and_Vulnerability_Management.md: ""# ApexCloud Solutions: AppSec & TVM Policy
**Document Version:** 2.2
**Last Updated:** March 01, 2026
**Confidentiality Level:** Internal / Under NDA"""
"at least annually","Security awareness training is required at least annually for all personnel.","approved","Information_Security_Policy.md: ""## 4. Human Resources Security
* **Background Checks:** All employees and contractors must undergo standard criminal background checks prior to employment.
* **Security Training:** All personnel must "" | Business_Continuity_and_Disaster_Recovery.md: ""## 3. Backups
* **Frequency:** Full database backups are taken daily. Incremental backups are taken hourly.
* **Storage:** Backups are stored in an isolated, immutable storage bucket in a geographical"""
"DSP-03.1","The provided context does not contain enough information to answer the question DSP-03.1.","approved","Information_Security_Policy.md: ""# ApexCloud Solutions: Information Security Policy (ISP)
**Document Version:** 2.1
**Last Updated:** January 15, 2026
**Confidentiality Level:** Internal / Under NDA"" | Business_Continuity_and_Disaster_Recovery.md: ""# ApexCloud Solutions: BCDR Policy
**Document Version:** 3.0
**Last Updated:** February 02, 2026
**Confidentiality Level:** Internal / Under NDA"""
"(at a minimum)?","All employees and contractors must undergo standard criminal background checks prior to employment and complete security awareness training upon hire and annually thereafter. Additionally, vulnerability scans are conducted weekly, and penetration testing is conducted at least annually.","approved","Information_Security_Policy.md: ""## 4. Human Resources Security
* **Background Checks:** All employees and contractors must undergo standard criminal background checks prior to employment.
* **Security Training:** All personnel must "" | Application_Security_and_Vulnerability_Management.md: ""## 2. Vulnerability Management
* **Scanning:** Infrastructure and application vulnerability scans are conducted weekly using automated tooling.
* **Penetration Testing:** A certified third-party secur"""
"data. Review and update the inventory at least annually or upon significant changes.","The provided context does not contain information about reviewing and updating an inventory. The context primarily discusses change management and backup procedures.","approved","Application_Security_and_Vulnerability_Management.md: ""## 3. Change Management
All changes to production infrastructure must be documented, approved by the Change Advisory Board (CAB) for high-risk changes, and include a documented rollback plan in case o"" | Business_Continuity_and_Disaster_Recovery.md: ""## 3. Backups
* **Frequency:** Full database backups are taken daily. Incremental backups are taken hourly.
* **Storage:** Backups are stored in an isolated, immutable storage bucket in a geographical"""
"DSP-03.2","The provided context does not contain enough information to answer the question DSP-03.2 as it only includes metadata from the Information Security Policy and Business Continuity and Disaster Recovery documents without any specific details related to DSP-03.2.","approved","Information_Security_Policy.md: ""# ApexCloud Solutions: Information Security Policy (ISP)
**Document Version:** 2.1
**Last Updated:** January 15, 2026
**Confidentiality Level:** Internal / Under NDA"" | Business_Continuity_and_Disaster_Recovery.md: ""# ApexCloud Solutions: BCDR Policy
**Document Version:** 3.0
**Last Updated:** February 02, 2026
**Confidentiality Level:** Internal / Under NDA"""
"DSP-04.1","The provided context does not contain enough information to answer the question DSP-04.1 as it only includes metadata from the Information Security Policy and Data Management and Encryption Policy without any specific details related to DSP-04.1.","approved","Information_Security_Policy.md: ""# ApexCloud Solutions: Information Security Policy (ISP)
**Document Version:** 2.1
**Last Updated:** January 15, 2026
**Confidentiality Level:** Internal / Under NDA"" | data_management_policy.md: ""# StrataFlow Enterprise: Data Management and Encryption Policy
**Effective Date:** November 10, 2025
**Version:** 4.0"""
"DSP-05.1","The provided context does not contain enough information to answer the question DSP-05.1.","approved","Information_Security_Policy.md: ""# ApexCloud Solutions: Information Security Policy (ISP)
**Document Version:** 2.1
**Last Updated:** January 15, 2026
**Confidentiality Level:** Internal / Under NDA"" | Business_Continuity_and_Disaster_Recovery.md: ""# ApexCloud Solutions: BCDR Policy
**Document Version:** 3.0
**Last Updated:** February 02, 2026
**Confidentiality Level:** Internal / Under NDA"""
"where it is stored and transmitted?","Customer data is stored in databases, object storage buckets (S3), and block storage volumes (EBS), and transmitted over external and internal networks, as well as public networks.","approved","data_management_policy.md: ""## 1. Encryption Standards
Protecting customer data is our highest priority. All Customer Data processed by StrataFlow Enterprise is encrypted both in transit and at rest.
* **In Transit:** All data t"" | Information_Security_Policy.md: ""## 3. Data Security and Encryption
* **Data at Rest:** All customer data stored in ApexCloud databases is encrypted using AES-256 encryption.
* **Data in Transit:** All data transmitted over public ne"""
"stored or transmitted where. Review data flow documentation at defined intervals","Backups are stored in an isolated, immutable storage bucket in a geographically distinct region from the primary data source.","approved","Business_Continuity_and_Disaster_Recovery.md: ""## 3. Backups
* **Frequency:** Full database backups are taken daily. Incremental backups are taken hourly.
* **Storage:** Backups are stored in an isolated, immutable storage bucket in a geographical"" | data_management_policy.md: ""# StrataFlow Enterprise: Data Management and Encryption Policy
**Effective Date:** November 10, 2025
**Version:** 4.0"""
"at least annually","Security awareness training is required at least annually, as all personnel must complete it upon hire and annually thereafter.","approved","Information_Security_Policy.md: ""## 4. Human Resources Security
* **Background Checks:** All employees and contractors must undergo standard criminal background checks prior to employment.
* **Security Training:** All personnel must "" | Business_Continuity_and_Disaster_Recovery.md: ""## 3. Backups
* **Frequency:** Full database backups are taken daily. Incremental backups are taken hourly.
* **Storage:** Backups are stored in an isolated, immutable storage bucket in a geographical"""
"DSP-05.2","The provided context does not contain enough information to answer the question DSP-05.2 as it only includes metadata from the Information Security Policy and Business Continuity and Disaster Recovery documents without any specific details related to DSP-05.2.","approved","Information_Security_Policy.md: ""# ApexCloud Solutions: Information Security Policy (ISP)
**Document Version:** 2.1
**Last Updated:** January 15, 2026
**Confidentiality Level:** Internal / Under NDA"" | Business_Continuity_and_Disaster_Recovery.md: ""# ApexCloud Solutions: BCDR Policy
**Document Version:** 3.0
**Last Updated:** February 02, 2026
**Confidentiality Level:** Internal / Under NDA"""
"or upon significant changes?","The context does not provide information about notification upon significant changes. It only discusses change management in terms of documentation, approval, and rollback plans, and notification in the context of incident response and data breaches.","approved","Application_Security_and_Vulnerability_Management.md: ""## 3. Change Management
All changes to production infrastructure must be documented, approved by the Change Advisory Board (CAB) for high-risk changes, and include a documented rollback plan in case o"" | Incident_Response_Plan.md: ""## 3. Notification and Communication
* **Internal:** The Computer Security Incident Response Team (CSIRT) is notified immediately upon confirmation of a high-severity incident.
* **External/Customers:"""
"DSP-06.1","The provided context does not contain enough information to answer the question DSP-06.1 as it only includes metadata from the Information Security Policy and Business Continuity and Disaster Recovery documents without any specific details related to DSP-06.1.","approved","Information_Security_Policy.md: ""# ApexCloud Solutions: Information Security Policy (ISP)
**Document Version:** 2.1
**Last Updated:** January 15, 2026
**Confidentiality Level:** Internal / Under NDA"" | Business_Continuity_and_Disaster_Recovery.md: ""# ApexCloud Solutions: BCDR Policy
**Document Version:** 3.0
**Last Updated:** February 02, 2026
**Confidentiality Level:** Internal / Under NDA"""
"documented?","All changes to production infrastructure must be documented","approved","Application_Security_and_Vulnerability_Management.md: ""## 3. Change Management
All changes to production infrastructure must be documented, approved by the Change Advisory Board (CAB) for high-risk changes, and include a documented rollback plan in case o"" | Business_Continuity_and_Disaster_Recovery.md: ""# ApexCloud Solutions: BCDR Policy
**Document Version:** 3.0
**Last Updated:** February 02, 2026
**Confidentiality Level:** Internal / Under NDA"""
"and sensitive data. Perform review at least annually.","The provided context does not contain information about reviewing sensitive data. However, it does mention security awareness training that includes data privacy (GDPR/CCPA), which implies that the organization has some measures in place for handling sensitive data.","approved","Information_Security_Policy.md: ""## 4. Human Resources Security
* **Background Checks:** All employees and contractors must undergo standard criminal background checks prior to employment.
* **Security Training:** All personnel must "" | Application_Security_and_Vulnerability_Management.md: ""## 1. Secure Software Development Life Cycle (SDLC)
* **Code Review:** All code changes must undergo a peer review by at least one other engineer before being merged into the main branch.
* **Testing:"""
"DSP-06.2","The provided context does not contain enough information to answer the question DSP-06.2.","approved","Information_Security_Policy.md: ""# ApexCloud Solutions: Information Security Policy (ISP)
**Document Version:** 2.1
**Last Updated:** January 15, 2026
**Confidentiality Level:** Internal / Under NDA"" | Business_Continuity_and_Disaster_Recovery.md: ""# ApexCloud Solutions: BCDR Policy
**Document Version:** 3.0
**Last Updated:** February 02, 2026
**Confidentiality Level:** Internal / Under NDA"""
"DSP-07.1","The provided context does not contain enough information to answer question DSP-07.1.","approved","Information_Security_Policy.md: ""# ApexCloud Solutions: Information Security Policy (ISP)
**Document Version:** 2.1
**Last Updated:** January 15, 2026
**Confidentiality Level:** Internal / Under NDA"" | Business_Continuity_and_Disaster_Recovery.md: ""# ApexCloud Solutions: BCDR Policy
**Document Version:** 3.0
**Last Updated:** February 02, 2026
**Confidentiality Level:** Internal / Under NDA"""
"by design and per industry best practices?","The provided context does not contain enough information to answer the question about design and industry best practices. However, it does mention that customer data is encrypted both in transit and at rest, and that AWS Key Management Service (KMS) is used to manage encryption keys, which aligns with industry best practices for data security.","approved","data_management_policy.md: ""## 1. Encryption Standards
Protecting customer data is our highest priority. All Customer Data processed by StrataFlow Enterprise is encrypted both in transit and at rest.
* **In Transit:** All data t"" | Business_Continuity_and_Disaster_Recovery.md: ""## 1. Strategy and Architecture
ApexCloud relies on highly available cloud infrastructure hosted in AWS. Our primary region is US-East-1, with automated failover configured for our secondary region, U"""
"of security by design and industry best practices.","The provided context chunks emphasize the implementation of security by design and industry best practices through measures such as peer code review, automated Static Application Security Testing (SAST), Software Composition Analysis (SCA), and the logical separation of Development, Staging, and Production environments. These practices are integral to ensuring the security and integrity of the software development life cycle.","approved","Application_Security_and_Vulnerability_Management.md: ""## 1. Secure Software Development Life Cycle (SDLC)
* **Code Review:** All code changes must undergo a peer review by at least one other engineer before being merged into the main branch.
* **Testing:"" | Information_Security_Policy.md: ""## 1. Purpose
This policy outlines the security baseline for all ApexCloud Solutions information systems, data, and personnel to ensure the confidentiality, integrity, and availability of customer dat"""
"DSP-08.1","The provided context does not contain enough information to answer question DSP-08.1. The context only includes metadata from the Information Security Policy and Data Management and Encryption Policy documents, but does not provide any details about the question itself or relevant security controls.","approved","Information_Security_Policy.md: ""# ApexCloud Solutions: Information Security Policy (ISP)
**Document Version:** 2.1
**Last Updated:** January 15, 2026
**Confidentiality Level:** Internal / Under NDA"" | data_management_policy.md: ""# StrataFlow Enterprise: Data Management and Encryption Policy
**Effective Date:** November 10, 2025
**Version:** 4.0"""
"by design and according to industry best practices?","The provided context does not contain enough information to answer the question about design and industry best practices. However, it does mention some security practices such as code review, automated testing, and environment separation, which are in line with industry best practices.","approved","Application_Security_and_Vulnerability_Management.md: ""## 3. Change Management
All changes to production infrastructure must be documented, approved by the Change Advisory Board (CAB) for high-risk changes, and include a documented rollback plan in case o"""
"of privacy by design and industry best practices. Ensure that systems' privacy","The provided context does not contain enough information to fully address the question about privacy by design and industry best practices in systems' privacy. However, it does mention 'data privacy (GDPR/CCPA)' in the context of security training, indicating some consideration of privacy principles.","approved","Information_Security_Policy.md: ""## 1. Purpose
This policy outlines the security baseline for all ApexCloud Solutions information systems, data, and personnel to ensure the confidentiality, integrity, and availability of customer dat"""
"settings are configured by default","Full disk encryption is enforced by default on all endpoints via FileVault or BitLocker, and USB mass storage devices are disabled by default via policy.","approved","Application_Security_and_Vulnerability_Management.md: ""## 3. Change Management
All changes to production infrastructure must be documented, approved by the Change Advisory Board (CAB) for high-risk changes, and include a documented rollback plan in case o"" | information_security_policy.md: ""## 3. Endpoint Management
All company-issued workstations (laptops and desktops) are managed via Mobile Device Management (MDM) solutions (Jamf for macOS, Microsoft Intune for Windows). 
* Full disk e"""
"DSP-08.2","The provided context does not contain enough information to answer question DSP-08.2. The context only includes metadata from the Information Security Policy and Data Management and Encryption Policy, but does not provide any details about the specific question DSP-08.2.","approved","Information_Security_Policy.md: ""# ApexCloud Solutions: Information Security Policy (ISP)
**Document Version:** 2.1
**Last Updated:** January 15, 2026
**Confidentiality Level:** Internal / Under NDA"" | data_management_policy.md: ""# StrataFlow Enterprise: Data Management and Encryption Policy
**Effective Date:** November 10, 2025
**Version:** 4.0"""
"laws and regulations?","The context mentions compliance with data privacy laws GDPR and CCPA as part of the security awareness training.","approved","Information_Security_Policy.md: ""## 4. Human Resources Security
* **Background Checks:** All employees and contractors must undergo standard criminal background checks prior to employment.
* **Security Training:** All personnel must """
"DSP-10.1","The provided context does not contain enough information to answer question DSP-10.1. The context only includes metadata from the Information Security Policy and Data Management and Encryption Policy documents, but does not provide any details about the question itself or relevant policy content.","approved","Information_Security_Policy.md: ""# ApexCloud Solutions: Information Security Policy (ISP)
**Document Version:** 2.1
**Last Updated:** January 15, 2026
**Confidentiality Level:** Internal / Under NDA"" | data_management_policy.md: ""# StrataFlow Enterprise: Data Management and Encryption Policy
**Effective Date:** November 10, 2025
**Version:** 4.0"""
"evaluated to ensure any transfer of personal or sensitive data is protected from","unauthorized access through the use of encryption, specifically AES-256 for data at rest and TLS 1.2 or higher for data in transit","approved","Information_Security_Policy.md: ""## 3. Data Security and Encryption
* **Data at Rest:** All customer data stored in ApexCloud databases is encrypted using AES-256 encryption.
* **Data in Transit:** All data transmitted over public ne"""
"unauthorized access and only processed within scope (as permitted by respective","Unauthorized access is prevented through Role-Based Access Control (RBAC) and Multi-Factor Authentication (MFA), ensuring that access is only processed within the scope permitted by respective roles and privileges.","approved","Information_Security_Policy.md: ""## 2. Identity and Access Management (IAM)
* **Role-Based Access Control (RBAC):** All access to production systems and customer data is strictly governed by RBAC, adhering to the principle of least p"" | information_security_policy.md: ""## 1. Access Control
Access to StrataFlow Enterprise systems and customer data is strictly governed by Role-Based Access Control (RBAC). All employee access requires authentication via our centralized"""
"laws and regulations)?","The organization adheres to data privacy laws and regulations such as GDPR and CCPA as part of its security awareness training.","approved","Information_Security_Policy.md: ""## 4. Human Resources Security
* **Background Checks:** All employees and contractors must undergo standard criminal background checks prior to employment.
* **Security Training:** All personnel must """
"measures that ensure any transfer of personal or sensitive data is protected","Data in transit is encrypted using TLS 1.2 or higher, ensuring that any transfer of personal or sensitive data is protected.","approved","Information_Security_Policy.md: ""## 3. Data Security and Encryption
* **Data at Rest:** All customer data stored in ApexCloud databases is encrypted using AES-256 encryption.
* **Data in Transit:** All data transmitted over public ne"""
"from unauthorized access and only processed within scope as permitted by the","Role-Based Access Control (RBAC) and Multi-Factor Authentication (MFA) are in place to protect against unauthorized access. Access privileges are reviewed quarterly to ensure they are within scope and as permitted.","approved","information_security_policy.md: ""## 1. Access Control
Access to StrataFlow Enterprise systems and customer data is strictly governed by Role-Based Access Control (RBAC). All employee access requires authentication via our centralized"" | Information_Security_Policy.md: ""## 2. Identity and Access Management (IAM)
* **Role-Based Access Control (RBAC):** All access to production systems and customer data is strictly governed by RBAC, adhering to the principle of least p"""
"respective laws and regulations.","The provided context does not contain information about respective laws and regulations.","approved","Information_Security_Policy.md: ""## 1. Purpose
This policy outlines the security baseline for all ApexCloud Solutions information systems, data, and personnel to ensure the confidentiality, integrity, and availability of customer dat"""
"DSP-11.1","The provided context does not contain enough information to answer question DSP-11.1.","approved","Information_Security_Policy.md: ""# ApexCloud Solutions: Information Security Policy (ISP)
**Document Version:** 2.1
**Last Updated:** January 15, 2026
**Confidentiality Level:** Internal / Under NDA"" | data_management_policy.md: ""# StrataFlow Enterprise: Data Management and Encryption Policy
**Effective Date:** November 10, 2025
**Version:** 4.0"""
"evaluated to enable data subjects to request access to","The provided context does not contain enough information to determine how ApexCloud Solutions enables data subjects to request access to their data.","approved","Information_Security_Policy.md: ""## 1. Purpose
This policy outlines the security baseline for all ApexCloud Solutions information systems, data, and personnel to ensure the confidentiality, integrity, and availability of customer dat"""
"data (per applicable laws and regulations)?","Data privacy training includes GDPR/CCPA, indicating compliance with applicable laws and regulations such as the General Data Protection Regulation and the California Consumer Privacy Act.","approved","Information_Security_Policy.md: ""## 4. Human Resources Security
* **Background Checks:** All employees and contractors must undergo standard criminal background checks prior to employment.
* **Security Training:** All personnel must """
"to enable data subjects to request access to","The provided context does not contain enough information to determine how StrataFlow Enterprise enables data subjects to request access to their data. However, it does mention that the company adheres to data privacy standards such as GDPR and CCPA, which typically require providing data subjects with access to their data upon request.","approved","information_security_policy.md: ""## 1. Access Control
Access to StrataFlow Enterprise systems and customer data is strictly governed by Role-Based Access Control (RBAC). All employee access requires authentication via our centralized"" | Information_Security_Policy.md: ""## 4. Human Resources Security
* **Background Checks:** All employees and contractors must undergo standard criminal background checks prior to employment.
* **Security Training:** All personnel must """
"personal data","The policy mentions data privacy training that includes GDPR/CCPA, which implies that personal data is protected, but it does not provide a detailed definition of personal data.","approved","Information_Security_Policy.md: ""## 4. Human Resources Security
* **Background Checks:** All employees and contractors must undergo standard criminal background checks prior to employment.
* **Security Training:** All personnel must """
"DSP-12.1","The provided context does not contain enough information to answer question DSP-12.1.","approved","Information_Security_Policy.md: ""# ApexCloud Solutions: Information Security Policy (ISP)
**Document Version:** 2.1
**Last Updated:** January 15, 2026
**Confidentiality Level:** Internal / Under NDA"" | data_management_policy.md: ""# StrataFlow Enterprise: Data Management and Encryption Policy
**Effective Date:** November 10, 2025
**Version:** 4.0"""
"evaluated to ensure personal data is processed (per applicable laws and regulations","The organization's security training includes data privacy (GDPR/CCPA), which implies that personal data is processed in accordance with applicable laws and regulations.","approved","Information_Security_Policy.md: ""## 4. Human Resources Security
* **Background Checks:** All employees and contractors must undergo standard criminal background checks prior to employment.
* **Security Training:** All personnel must """
"and for the purposes declared to the data subject)?","The provided context does not contain information regarding the purposes declared to the data subject. The context primarily focuses on the purpose of the Information Security Policy and Human Resources Security, including background checks and security training for personnel.","approved","Information_Security_Policy.md: ""## 1. Purpose
This policy outlines the security baseline for all ApexCloud Solutions information systems, data, and personnel to ensure the confidentiality, integrity, and availability of customer dat"""
"measures to ensure that personal data is processed according to any applicable","The organization has implemented security awareness training that includes data privacy (GDPR/CCPA) to ensure that personal data is processed according to applicable regulations.","approved","Information_Security_Policy.md: ""## 4. Human Resources Security
* **Background Checks:** All employees and contractors must undergo standard criminal background checks prior to employment.
* **Security Training:** All personnel must """
"laws and regulations and for the purposes declared to the data subject.","The context does not provide specific information about laws and regulations for the purposes declared to the data subject. However, it mentions data privacy (GDPR/CCPA) as part of the security awareness training, indicating that the organization is aware of and likely complies with these regulations.","approved","Information_Security_Policy.md: ""## 1. Purpose
This policy outlines the security baseline for all ApexCloud Solutions information systems, data, and personnel to ensure the confidentiality, integrity, and availability of customer dat"""
"DSP-13.1","The provided context does not contain enough information to answer question DSP-13.1.","approved","Information_Security_Policy.md: ""# ApexCloud Solutions: Information Security Policy (ISP)
**Document Version:** 2.1
**Last Updated:** January 15, 2026
**Confidentiality Level:** Internal / Under NDA"" | data_management_policy.md: ""# StrataFlow Enterprise: Data Management and Encryption Policy
**Effective Date:** November 10, 2025
**Version:** 4.0"""
"evaluated for the transfer and sub-processing of personal data within the service","The context provided does not contain specific information regarding the evaluation process for the transfer and sub-processing of personal data within the service. However, it mentions that security awareness training includes data privacy (GDPR/CCPA), which implies that the organization is aware of data protection regulations and likely has processes in place to comply with them.","approved","Information_Security_Policy.md: ""## 4. Human Resources Security
* **Background Checks:** All employees and contractors must undergo standard criminal background checks prior to employment.
* **Security Training:** All personnel must """
"supply chain (according to any applicable laws and regulations)?","The provided context does not contain information about supply chain management according to applicable laws and regulations. The context only discusses human resources security, including background checks and security training.","approved","Information_Security_Policy.md: ""## 4. Human Resources Security
* **Background Checks:** All employees and contractors must undergo standard criminal background checks prior to employment.
* **Security Training:** All personnel must """
"measures for the transfer and sub-processing of personal data within the service","The provided context does not contain specific measures for the transfer and sub-processing of personal data within the service. It only mentions data privacy (GDPR/CCPA) as part of the security awareness training, but does not outline the actual procedures for data transfer and sub-processing.","approved","Information_Security_Policy.md: ""## 4. Human Resources Security
* **Background Checks:** All employees and contractors must undergo standard criminal background checks prior to employment.
* **Security Training:** All personnel must """
"supply chain","The provided context does not contain information about supply chain management or security.","approved","Application_Security_and_Vulnerability_Management.md: ""## 3. Change Management
All changes to production infrastructure must be documented, approved by the Change Advisory Board (CAB) for high-risk changes, and include a documented rollback plan in case o"" | Business_Continuity_and_Disaster_Recovery.md: ""## 4. Continuity of Operations
In the event of a localized facility disaster (e.g., corporate office outage), all ApexCloud employees are equipped and authorized to work securely from remote locations"""
"DSP-14.1","The provided context does not contain enough information to answer question DSP-14.1. The context only includes metadata from the Information Security Policy and Data Management and Encryption Policy documents, but does not provide any details about the question itself or relevant security controls.","approved","Information_Security_Policy.md: ""# ApexCloud Solutions: Information Security Policy (ISP)
**Document Version:** 2.1
**Last Updated:** January 15, 2026
**Confidentiality Level:** Internal / Under NDA"" | data_management_policy.md: ""# StrataFlow Enterprise: Data Management and Encryption Policy
**Effective Date:** November 10, 2025
**Version:** 4.0"""
"evaluated to disclose details to the data owner of any personal or sensitive data","The provided context does not contain enough information to determine how ApexCloud Solutions evaluates disclosure of details to the data owner of any personal or sensitive data.","approved","Information_Security_Policy.md: ""# ApexCloud Solutions: Information Security Policy (ISP)
**Document Version:** 2.1
**Last Updated:** January 15, 2026
**Confidentiality Level:** Internal / Under NDA"" | Business_Continuity_and_Disaster_Recovery.md: ""# ApexCloud Solutions: BCDR Policy
**Document Version:** 3.0
**Last Updated:** February 02, 2026
**Confidentiality Level:** Internal / Under NDA"""
"access by sub-processors before processing initiation?","The provided context does not contain information about access by sub-processors before processing initiation. The context primarily discusses access control measures such as Role-Based Access Control (RBAC), Multi-Factor Authentication (MFA), and quarterly reviews of access privileges, but it does not address the specific scenario of sub-processor access.","approved","information_security_policy.md: ""## 1. Access Control
Access to StrataFlow Enterprise systems and customer data is strictly governed by Role-Based Access Control (RBAC). All employee access requires authentication via our centralized"" | Application_Security_and_Vulnerability_Management.md: ""# ApexCloud Solutions: AppSec & TVM Policy
**Document Version:** 2.2
**Last Updated:** March 01, 2026
**Confidentiality Level:** Internal / Under NDA"""
"measures to disclose the details of any personal or sensitive data access by","The provided context does not contain specific measures for disclosing details of personal or sensitive data access. However, it mentions that security training includes data privacy (GDPR/CCPA), which implies that the organization is aware of and likely has procedures in place for handling personal data, possibly including disclosure in case of access. Yet, the exact measures are not specified in the given context.","approved","Information_Security_Policy.md: ""## 4. Human Resources Security
* **Background Checks:** All employees and contractors must undergo standard criminal background checks prior to employment.
* **Security Training:** All personnel must """
"sub-processors to the data owner prior to initiation of that processing.","The provided context does not contain information about notifying sub-processors to the data owner prior to initiation of that processing. The context primarily discusses incident response and human resources security, but does not address the specific topic of sub-processor notification.","approved","Incident_Response_Plan.md: ""## 3. Notification and Communication
* **Internal:** The Computer Security Incident Response Team (CSIRT) is notified immediately upon confirmation of a high-severity incident.
* **External/Customers:"" | Information_Security_Policy.md: ""## 4. Human Resources Security
* **Background Checks:** All employees and contractors must undergo standard criminal background checks prior to employment.
* **Security Training:** All personnel must """
"DSP-16.1","The provided context does not contain enough information to answer question DSP-16.1.","approved","Information_Security_Policy.md: ""# ApexCloud Solutions: Information Security Policy (ISP)
**Document Version:** 2.1
**Last Updated:** January 15, 2026
**Confidentiality Level:** Internal / Under NDA"" | data_management_policy.md: ""# StrataFlow Enterprise: Data Management and Encryption Policy
**Effective Date:** November 10, 2025
**Version:** 4.0"""
"applicable laws","The provided context does not contain enough information to determine applicable laws.","approved","Application_Security_and_Vulnerability_Management.md: ""# ApexCloud Solutions: AppSec & TVM Policy
**Document Version:** 2.2
**Last Updated:** March 01, 2026
**Confidentiality Level:** Internal / Under NDA"" | Information_Security_Policy.md: ""# ApexCloud Solutions: Information Security Policy (ISP)
**Document Version:** 2.1
**Last Updated:** January 15, 2026
**Confidentiality Level:** Internal / Under NDA"""
"business requirements","The business requirements for ApexCloud Solutions include ensuring the confidentiality, integrity, and availability of customer data through a security baseline for all information systems, data, and personnel. Additionally, access to systems and customer data is governed by Role-Based Access Control (RBAC), with requirements for authentication via a centralized Identity Provider (Okta SSO) and Multi-Factor Authentication (MFA).","approved","Information_Security_Policy.md: ""## 1. Purpose
This policy outlines the security baseline for all ApexCloud Solutions information systems, data, and personnel to ensure the confidentiality, integrity, and availability of customer dat"" | information_security_policy.md: ""## 1. Access Control
Access to StrataFlow Enterprise systems and customer data is strictly governed by Role-Based Access Control (RBAC). All employee access requires authentication via our centralized"""
"DSP-17.1","The provided context does not contain enough information to answer question DSP-17.1. The context only includes metadata from the Information Security Policy and Data Management and Encryption Policy documents, but does not provide any details about the question itself or relevant security controls.","approved","Information_Security_Policy.md: ""# ApexCloud Solutions: Information Security Policy (ISP)
**Document Version:** 2.1
**Last Updated:** January 15, 2026
**Confidentiality Level:** Internal / Under NDA"" | data_management_policy.md: ""# StrataFlow Enterprise: Data Management and Encryption Policy
**Effective Date:** November 10, 2025
**Version:** 4.0"""
"to protect sensitive data throughout its lifecycle?","To protect sensitive data throughout its lifecycle, ApexCloud and StrataFlow Enterprise employ various measures including encryption of data at rest using AES-256, encryption of data in transit using TLS 1.2 or higher, logical segregation of customer data within a multi-tenant cloud architecture, and secure key management via AWS Key Management Service (KMS) with annual key rotation and limited access to authorized security personnel.","approved","Information_Security_Policy.md: ""## 3. Data Security and Encryption
* **Data at Rest:** All customer data stored in ApexCloud databases is encrypted using AES-256 encryption.
* **Data in Transit:** All data transmitted over public ne"" | data_management_policy.md: ""## 1. Encryption Standards
Protecting customer data is our highest priority. All Customer Data processed by StrataFlow Enterprise is encrypted both in transit and at rest.
* **In Transit:** All data t"""
"to protect sensitive data throughout it's lifecycle.","To protect sensitive data throughout its lifecycle, ApexCloud uses a combination of encryption, data segregation, and key management. Data at rest is encrypted using AES-256, while data in transit is encrypted using TLS 1.2 or higher. Customer data is logically segregated within the multi-tenant cloud architecture using unique tenant IDs, and encryption keys are managed via AWS Key Management Service (KMS) with annual rotation and limited access to authorized security personnel.","approved","Information_Security_Policy.md: ""## 3. Data Security and Encryption
* **Data at Rest:** All customer data stored in ApexCloud databases is encrypted using AES-256 encryption.
* **Data in Transit:** All data transmitted over public ne"""
"DSP-19.1","The provided context does not contain enough information to answer question DSP-19.1. The context only includes metadata from the Information Security Policy and Data Management and Encryption Policy, but does not provide any details about the question itself or relevant security controls.","approved","Information_Security_Policy.md: ""# ApexCloud Solutions: Information Security Policy (ISP)
**Document Version:** 2.1
**Last Updated:** January 15, 2026
**Confidentiality Level:** Internal / Under NDA"" | data_management_policy.md: ""# StrataFlow Enterprise: Data Management and Encryption Policy
**Effective Date:** November 10, 2025
**Version:** 4.0"""
"to specify and document physical data locations","The provided context does not contain enough information to specify and document physical data locations. The context only mentions the purpose of the Information Security Policy and the BCDR Policy, but does not provide details about physical data locations.","approved","Information_Security_Policy.md: ""## 1. Purpose
This policy outlines the security baseline for all ApexCloud Solutions information systems, data, and personnel to ensure the confidentiality, integrity, and availability of customer dat"" | Business_Continuity_and_Disaster_Recovery.md: ""# ApexCloud Solutions: BCDR Policy
**Document Version:** 3.0
**Last Updated:** February 02, 2026
**Confidentiality Level:** Internal / Under NDA"""
"is processed or backed up?","Data is both processed and backed up. The system performs full database backups daily and incremental backups hourly, storing them in an isolated, immutable storage bucket. Additionally, data is processed as part of normal operations, but specific details on data processing are not provided in the given context.","approved","Business_Continuity_and_Disaster_Recovery.md: ""## 3. Backups
* **Frequency:** Full database backups are taken daily. Incremental backups are taken hourly.
* **Storage:** Backups are stored in an isolated, immutable storage bucket in a geographical"" | data_management_policy.md: ""## 3. Data Backups and Retention
* Full database backups are performed daily and stored in an isolated, logically separated AWS account.
* Backups are retained for exactly 30 days before being automat"""
"to specify and document the physical locations of data","The physical locations of data are within the Amazon Web Services (AWS) regions of `us-east-1` (Northern Virginia) and `us-west-2` (Oregon). No physical data centers are maintained.","approved","Information_Security_Policy.md: ""## 1. Purpose
This policy outlines the security baseline for all ApexCloud Solutions information systems, data, and personnel to ensure the confidentiality, integrity, and availability of customer dat"" | data_management_policy.md: ""## 2. Hosting Environment
StrataFlow Enterprise production workloads are hosted exclusively on Amazon Web Services (AWS) within the `us-east-1` (Northern Virginia) and `us-west-2` (Oregon) regions. We"""
"in which data is processed or backed up.","Backups are stored in an isolated, immutable storage bucket in a geographically distinct region from the primary data source and also in an isolated, logically separated AWS account.","approved","Business_Continuity_and_Disaster_Recovery.md: ""## 3. Backups
* **Frequency:** Full database backups are taken daily. Incremental backups are taken hourly.
* **Storage:** Backups are stored in an isolated, immutable storage bucket in a geographical"" | data_management_policy.md: ""## 3. Data Backups and Retention
* Full database backups are performed daily and stored in an isolated, logically separated AWS account.
* Backups are retained for exactly 30 days before being automat"""
"GRC-01.1","The provided context does not contain enough information to answer the question GRC-01.1 as it only includes metadata from Incident Response Plan and Business Continuity and Disaster Recovery documents without any specific details related to GRC-01.1.","approved","Incident_Response_Plan.md: ""# ApexCloud Solutions: Incident Response Plan (IRP)
**Document Version:** 1.5
**Last Updated:** November 10, 2025
**Confidentiality Level:** Internal / Under NDA"" | Business_Continuity_and_Disaster_Recovery.md: ""# ApexCloud Solutions: BCDR Policy
**Document Version:** 3.0
**Last Updated:** February 02, 2026
**Confidentiality Level:** Internal / Under NDA"""
"leadership established","There is no information provided about leadership being established.","approved","Application_Security_and_Vulnerability_Management.md: ""## 3. Change Management
All changes to production infrastructure must be documented, approved by the Change Advisory Board (CAB) for high-risk changes, and include a documented rollback plan in case o"" | information_security_policy.md: ""# StrataFlow Enterprise: Information Security Policy
**Effective Date:** January 1, 2026
**Version:** 3.2"""
"and maintained?","The provided context does not contain enough information to answer how something is maintained. The context only discusses vulnerability management and backup strategies, but does not provide information on maintenance.","approved","Application_Security_and_Vulnerability_Management.md: ""## 2. Vulnerability Management
* **Scanning:** Infrastructure and application vulnerability scans are conducted weekly using automated tooling.
* **Penetration Testing:** A certified third-party secur"" | Business_Continuity_and_Disaster_Recovery.md: ""## 3. Backups
* **Frequency:** Full database backups are taken daily. Incremental backups are taken hourly.
* **Storage:** Backups are stored in an isolated, immutable storage bucket in a geographical"""
"policies and procedures for an information governance program","The provided context does not contain sufficient information about the policies and procedures for an information governance program. The context only includes metadata about different information security policy documents, such as version numbers and last updated dates, but does not provide details about the actual policies and procedures.","approved","Information_Security_Policy.md: ""# ApexCloud Solutions: Information Security Policy (ISP)
**Document Version:** 2.1
**Last Updated:** January 15, 2026
**Confidentiality Level:** Internal / Under NDA"" | information_security_policy.md: ""# StrataFlow Enterprise: Information Security Policy
**Effective Date:** January 1, 2026
**Version:** 3.2"""
"by the leadership of the organization. Review and update the policies and procedures","There is no information provided in the context chunks regarding the review and update of policies and procedures by the leadership of the organization. The context chunks only discuss change management in relation to production infrastructure.","approved","Application_Security_and_Vulnerability_Management.md: ""## 3. Change Management
All changes to production infrastructure must be documented, approved by the Change Advisory Board (CAB) for high-risk changes, and include a documented rollback plan in case o"" | information_security_policy.md: ""# StrataFlow Enterprise: Information Security Policy
**Effective Date:** January 1, 2026
**Version:** 3.2"""
"at least annually","Security awareness training is required at least annually for all personnel.","approved","Information_Security_Policy.md: ""## 4. Human Resources Security
* **Background Checks:** All employees and contractors must undergo standard criminal background checks prior to employment.
* **Security Training:** All personnel must "" | Business_Continuity_and_Disaster_Recovery.md: ""## 3. Backups
* **Frequency:** Full database backups are taken daily. Incremental backups are taken hourly.
* **Storage:** Backups are stored in an isolated, immutable storage bucket in a geographical"""
"GRC-01.2","The provided context does not contain enough information to answer the question GRC-01.2 as it only includes metadata from the Incident Response Plan and Business Continuity and Disaster Recovery documents without any relevant content.","approved","Incident_Response_Plan.md: ""# ApexCloud Solutions: Incident Response Plan (IRP)
**Document Version:** 1.5
**Last Updated:** November 10, 2025
**Confidentiality Level:** Internal / Under NDA"" | Business_Continuity_and_Disaster_Recovery.md: ""# ApexCloud Solutions: BCDR Policy
**Document Version:** 3.0
**Last Updated:** February 02, 2026
**Confidentiality Level:** Internal / Under NDA"""
"GRC-02.1","The provided context does not contain enough information to answer the question GRC-02.1 as it only includes metadata from Incident Response Plan and Business Continuity and Disaster Recovery documents without any specific details related to GRC-02.1.","approved","Incident_Response_Plan.md: ""# ApexCloud Solutions: Incident Response Plan (IRP)
**Document Version:** 1.5
**Last Updated:** November 10, 2025
**Confidentiality Level:** Internal / Under NDA"" | Business_Continuity_and_Disaster_Recovery.md: ""# ApexCloud Solutions: BCDR Policy
**Document Version:** 3.0
**Last Updated:** February 02, 2026
**Confidentiality Level:** Internal / Under NDA"""
"risk management (ERM) program that includes policies and procedures for identification","The provided context does not contain information about an Enterprise Risk Management (ERM) program. However, it does describe the Identity and Access Management (IAM) policies and procedures, which are part of a broader risk management strategy. The IAM policies include Role-Based Access Control (RBAC), Multi-Factor Authentication (MFA), regular access reviews, and immediate offboarding for terminated employees.","approved","Information_Security_Policy.md: ""## 2. Identity and Access Management (IAM)
* **Role-Based Access Control (RBAC):** All access to production systems and customer data is strictly governed by RBAC, adhering to the principle of least p"" | Incident_Response_Plan.md: ""# ApexCloud Solutions: Incident Response Plan (IRP)
**Document Version:** 1.5
**Last Updated:** November 10, 2025
**Confidentiality Level:** Internal / Under NDA"""
"evaluation","Evaluation of vulnerabilities is part of the vulnerability management process, specifically for 'Low' severity issues which are evaluated and scheduled for an upcoming sprint.","approved","Application_Security_and_Vulnerability_Management.md: ""# ApexCloud Solutions: AppSec & TVM Policy
**Document Version:** 2.2
**Last Updated:** March 01, 2026
**Confidentiality Level:** Internal / Under NDA"""
"Risk Management (ERM) program that includes policies and procedures for identification","The provided context does not contain sufficient information about the Enterprise Risk Management (ERM) program, including policies and procedures for identification. The context primarily focuses on Identity and Access Management (IAM) and Incident Response Plan (IRP), without detailing a comprehensive risk management program.","approved","Information_Security_Policy.md: ""## 2. Identity and Access Management (IAM)
* **Role-Based Access Control (RBAC):** All access to production systems and customer data is strictly governed by RBAC, adhering to the principle of least p"" | Incident_Response_Plan.md: ""# ApexCloud Solutions: Incident Response Plan (IRP)
**Document Version:** 1.5
**Last Updated:** November 10, 2025
**Confidentiality Level:** Internal / Under NDA"""
"evaluation","The evaluation process for vulnerabilities is based on their severity, with specific SLAs for remediation: Critical vulnerabilities are patched within 24 hours, High within 7 days, Medium within 30 days, and Low are evaluated and scheduled for an upcoming sprint.","approved","Application_Security_and_Vulnerability_Management.md: ""# ApexCloud Solutions: AppSec & TVM Policy
**Document Version:** 2.2
**Last Updated:** March 01, 2026
**Confidentiality Level:** Internal / Under NDA"""
"GRC-06.1","The provided context does not contain enough information to answer the question GRC-06.1.","approved","Incident_Response_Plan.md: ""# ApexCloud Solutions: Incident Response Plan (IRP)
**Document Version:** 1.5
**Last Updated:** November 10, 2025
**Confidentiality Level:** Internal / Under NDA"" | Business_Continuity_and_Disaster_Recovery.md: ""# ApexCloud Solutions: BCDR Policy
**Document Version:** 3.0
**Last Updated:** February 02, 2026
**Confidentiality Level:** Internal / Under NDA"""
"and improving governance programs defined and documented?","The context provided does not directly address improving governance programs. However, it does outline specific procedures for change management and vulnerability management, which are components of governance. These include documenting changes, obtaining approval from the Change Advisory Board for high-risk changes, and conducting regular vulnerability scans and penetration tests.","approved","Application_Security_and_Vulnerability_Management.md: ""## 3. Change Management
All changes to production infrastructure must be documented, approved by the Change Advisory Board (CAB) for high-risk changes, and include a documented rollback plan in case o"""
"operating","In the event of a disaster, ApexCloud employees can work securely from remote locations to maintain customer support and operational uptime.","approved","Business_Continuity_and_Disaster_Recovery.md: ""## 4. Continuity of Operations
In the event of a localized facility disaster (e.g., corporate office outage), all ApexCloud employees are equipped and authorized to work securely from remote locations"""
"GRC-07.1","The provided context does not contain enough information to answer the question GRC-07.1 as it only includes metadata from the Incident Response Plan and Business Continuity and Disaster Recovery documents without any relevant details.","approved","Incident_Response_Plan.md: ""# ApexCloud Solutions: Incident Response Plan (IRP)
**Document Version:** 1.5
**Last Updated:** November 10, 2025
**Confidentiality Level:** Internal / Under NDA"" | Business_Continuity_and_Disaster_Recovery.md: ""# ApexCloud Solutions: BCDR Policy
**Document Version:** 3.0
**Last Updated:** February 02, 2026
**Confidentiality Level:** Internal / Under NDA"""
"requirements applicable to your organization identified and documented?","Yes, the requirements applicable to the organization are identified and documented in the Information Security Policy (ISP) document, specifically in Section 4. Human Resources Security, which outlines the background check and security training requirements for all employees and contractors.","approved","Information_Security_Policy.md: ""## 4. Human Resources Security
* **Background Checks:** All employees and contractors must undergo standard criminal background checks prior to employment.
* **Security Training:** All personnel must """
"and statutory requirements","The organization adheres to statutory requirements such as GDPR and CCPA as part of its security awareness training for all personnel. This training is mandatory upon hire and annually thereafter, indicating a commitment to complying with relevant data privacy laws.","approved","information_security_policy.md: ""## 2. Password Requirements
For legacy systems that do not yet support SSO, or for service accounts, the following password complexity rules are enforced systematically:
* Minimum length of 14 charact"" | Information_Security_Policy.md: ""## 4. Human Resources Security
* **Background Checks:** All employees and contractors must undergo standard criminal background checks prior to employment.
* **Security Training:** All personnel must """
"at least annually or upon significant changes.","A certified third-party security firm conducts an independent penetration test at least annually.","approved","Application_Security_and_Vulnerability_Management.md: ""## 3. Change Management
All changes to production infrastructure must be documented, approved by the Change Advisory Board (CAB) for high-risk changes, and include a documented rollback plan in case o"""
"GRC-07.2","The provided context does not contain enough information to answer question GRC-07.2. The context only includes metadata from the Incident Response Plan and Business Continuity and Disaster Recovery documents, but does not provide any details about the specific question.","approved","Incident_Response_Plan.md: ""# ApexCloud Solutions: Incident Response Plan (IRP)
**Document Version:** 1.5
**Last Updated:** November 10, 2025
**Confidentiality Level:** Internal / Under NDA"" | Business_Continuity_and_Disaster_Recovery.md: ""# ApexCloud Solutions: BCDR Policy
**Document Version:** 3.0
**Last Updated:** February 02, 2026
**Confidentiality Level:** Internal / Under NDA"""
"HRS-03.1","All employees and contractors must undergo standard criminal background checks prior to employment and complete security awareness training upon hire and annually thereafter.","approved","Incident_Response_Plan.md: ""# ApexCloud Solutions: Incident Response Plan (IRP)
**Document Version:** 1.5
**Last Updated:** November 10, 2025
**Confidentiality Level:** Internal / Under NDA"" | Information_Security_Policy.md: ""## 4. Human Resources Security
* **Background Checks:** All employees and contractors must undergo standard criminal background checks prior to employment.
* **Security Training:** All personnel must """
"data established","The context does not contain enough information to answer the question about 'data established'. The provided chunks only discuss data backups, retention, and deletion policies, but do not provide information about when or how data is established.","approved","data_management_policy.md: ""## 3. Data Backups and Retention
* Full database backups are performed daily and stored in an isolated, logically separated AWS account.
* Backups are retained for exactly 30 days before being automat"""
"maintained?","The context provided does not contain enough information to answer how something is maintained. It discusses vulnerability management and change management but does not specify what is being maintained.","approved","Application_Security_and_Vulnerability_Management.md: ""## 2. Vulnerability Management
* **Scanning:** Infrastructure and application vulnerability scans are conducted weekly using automated tooling.
* **Penetration Testing:** A certified third-party secur"""
"policies and procedures that require unattended workspaces to not have openly","The provided context does not contain information about policies and procedures that require unattended workspaces to not have openly accessible sensitive information. However, it does mention that full disk encryption is enforced on all endpoints and USB mass storage devices are disabled via policy, which may indirectly contribute to securing unattended workspaces.","approved","information_security_policy.md: ""## 3. Endpoint Management
All company-issued workstations (laptops and desktops) are managed via Mobile Device Management (MDM) solutions (Jamf for macOS, Microsoft Intune for Windows). 
* Full disk e"" | Information_Security_Policy.md: ""## 4. Human Resources Security
* **Background Checks:** All employees and contractors must undergo standard criminal background checks prior to employment.
* **Security Training:** All personnel must """
"visible confidential data. Review and update the policies and procedures at","The context does not provide enough information to determine the specific policies and procedures that need to be reviewed and updated regarding visible confidential data. However, based on the provided context, it appears that both NIMBUSGUARD TECHNOLOGIES, INC. and ApexCloud Solutions have information security policies and data protection policies in place, which may include procedures for handling confidential data.","approved","02_Data_Protection_Privacy_Policy.pdf (p.1): ""NIMBUSGUARD TECHNOLOGIES, INC.
Data Protection and Privacy Policy
Data Classification, Encryption, Retention & Privacy Controls
Document ID: NG-DPP-002 Version: 3.8
Effective Date: February 1, 2026 Ow"" | Information_Security_Policy.md: ""# ApexCloud Solutions: Information Security Policy (ISP)
**Document Version:** 2.1
**Last Updated:** January 15, 2026
**Confidentiality Level:** Internal / Under NDA"""
"least annually","The Code of Conduct is reviewed and re-acknowledged annually by all staff.","approved","Business_Continuity_and_Disaster_Recovery.md: ""## 3. Backups
* **Frequency:** Full database backups are taken daily. Incremental backups are taken hourly.
* **Storage:** Backups are stored in an isolated, immutable storage bucket in a geographical"" | 05_HR_Security_Policy.pdf (p.3): ""For internal role changes, a formal access review is triggered by the HRIS (Workday) and completed within
5 business days. The principle of least privilege is reapplied: previous role access is remove"""
"HRS-03.2","The provided context does not contain enough information to answer question HRS-03.2. The context appears to be related to security policies and business continuity plans, but it does not provide specific details about the question.","approved","05_HR_Security_Policy.pdf (p.1): ""NIMBUSGUARD TECHNOLOGIES, INC.
Human Resources Security Policy
Pre-employment, Awareness Training, Termination & Code of Conduct
Document ID: NG-HRS-005 Version: 2.6
Effective Date: February 5, 2026 O"" | 04_Incident_Response_Plan.pdf (p.1): ""NIMBUSGUARD TECHNOLOGIES, INC.
Security Incident Response Plan
Detection, Triage, Containment, Recovery & Lessons Learned
Document ID: NG-IRP-004 Version: 5.0
Effective Date: January 25, 2026 Owner: V"" | 03_Business_Continuity_DR_Plan.pdf (p.1): ""NIMBUSGUARD TECHNOLOGIES, INC.
Business Continuity and Disaster Recovery
Plan
Resilience, Recovery Objectives & Testing Procedures
Document ID: NG-BCP-003 Version: 3.1
Effective Date: January 20, 2026"" | Business_Continuity_and_Disaster_Recovery.md: ""# ApexCloud Solutions: BCDR Policy
**Document Version:** 3.0
**Last Updated:** February 02, 2026
**Confidentiality Level:** Internal / Under NDA"""
"data reviewed and updated at least annually","Service account review is performed semi-annually, but data classification must be reviewed whenever data is shared, migrated, or archived, and some data categories have annual or less frequent review and update, such as employee HR records which are kept for the duration of employment + 7 years, and marketing analytics which are anonymized then deleted after 24 months. However, specific data categories like audit trail/compliance logs are reviewed and updated less frequently, every 7 years.","approved","07_Identity_Access_Management_Policy.pdf (p.3): ""certificates issued by an internal PKI (HashiCorp Vault) and rotated every 24 hours. API keys are supported
as a secondary mechanism for machine-to-machine integrations and are scoped to specific IP r"" | 02_Data_Protection_Privacy_Policy.pdf (p.1): ""NIMBUSGUARD TECHNOLOGIES, INC.
Data Protection and Privacy Policy
Data Classification, Encryption, Retention & Privacy Controls
Document ID: NG-DPP-002 Version: 3.8
Effective Date: February 1, 2026 Ow"" | Business_Continuity_and_Disaster_Recovery.md: ""## 3. Backups
* **Frequency:** Full database backups are taken daily. Incremental backups are taken hourly.
* **Storage:** Backups are stored in an isolated, immutable storage bucket in a geographical"""
"HRS-04.1","All employees and contractors must undergo standard criminal background checks prior to employment and complete security awareness training upon hire and annually thereafter.","approved","05_HR_Security_Policy.pdf (p.1): ""NIMBUSGUARD TECHNOLOGIES, INC.
Human Resources Security Policy
Pre-employment, Awareness Training, Termination & Code of Conduct
Document ID: NG-HRS-005 Version: 2.6
Effective Date: February 5, 2026 O"" | Information_Security_Policy.md: ""## 4. Human Resources Security
* **Background Checks:** All employees and contractors must undergo standard criminal background checks prior to employment.
* **Security Training:** All personnel must """
"stored at remote sites and locations established","Backups are stored in an isolated, immutable storage bucket in a geographically distinct region from the primary data source, which can be considered as a remote site.","approved","Business_Continuity_and_Disaster_Recovery.md: ""## 4. Continuity of Operations
In the event of a localized facility disaster (e.g., corporate office outage), all ApexCloud employees are equipped and authorized to work securely from remote locations"""
"applied","The provided context does not contain enough information to answer the question about 'applied'. The context appears to be related to ApexCloud Solutions' AppSec & TVM Policy and Incident Response Plan, but it does not provide any specific details about the application of these policies or plans.","approved","Application_Security_and_Vulnerability_Management.md: ""# ApexCloud Solutions: AppSec & TVM Policy
**Document Version:** 2.2
**Last Updated:** March 01, 2026
**Confidentiality Level:** Internal / Under NDA"" | Incident_Response_Plan.md: ""## 1. Scope
This document defines the process for detecting, analyzing, responding to, and recovering from cybersecurity incidents affecting ApexCloud systems."""
"policies and procedures to protect information accessed","NIMBUSGUARD TECHNOLOGIES, INC. has established various policies and procedures to protect information accessed, including Data Protection and Privacy Policy, Information Security Policy, and Identity and Access Management Policy. These policies outline controls such as data classification, encryption, retention, authentication, authorization, and privileged access to ensure the confidentiality, integrity, and availability of information.","approved","02_Data_Protection_Privacy_Policy.pdf (p.1): ""NIMBUSGUARD TECHNOLOGIES, INC.
Data Protection and Privacy Policy
Data Classification, Encryption, Retention & Privacy Controls
Document ID: NG-DPP-002 Version: 3.8
Effective Date: February 1, 2026 Ow"" | 01_Information_Security_Policy.pdf (p.1): ""NIMBUSGUARD TECHNOLOGIES, INC.
Information Security Policy
Enterprise Governance, Risk & Compliance Framework
Document ID: NG-ISP-001 Version: 4.2
Effective Date: January 15, 2026 Owner: CISO – Dr. El"" | 07_Identity_Access_Management_Policy.pdf (p.1): ""NIMBUSGUARD TECHNOLOGIES, INC.
Identity and Access Management Policy
Authentication, Authorization, Privileged Access & SSO Controls
Document ID: NG-IAM-007 Version: 3.5
Effective Date: February 10, 2"" | Information_Security_Policy.md: ""# ApexCloud Solutions: Information Security Policy (ISP)
**Document Version:** 2.1
**Last Updated:** January 15, 2026
**Confidentiality Level:** Internal / Under NDA"""
"at remote sites and locations. Review and update the policies and procedures","The provided context does not contain enough information to fully answer the question about reviewing and updating policies and procedures at remote sites and locations. However, based on the available information, it appears that the organization has various security policies and procedures in place, including an Infrastructure and Operations Security Policy and an Incident Response Plan. These documents outline procedures for managing security, responding to incidents, and conducting post-incident reviews, but they do not specifically address the review and update of policies and procedures at remote sites and locations.","approved","06_Infrastructure_Operations_Security.pdf (p.1): ""NIMBUSGUARD TECHNOLOGIES, INC.
Infrastructure and Operations Security Policy
Cloud Architecture, Network Security, Change Management & Monitoring
Document ID: NG-INF-006 Version: 4.0
Effective Date: J"" | 04_Incident_Response_Plan.pdf (p.2): ""4.4 Recovery – Restore services from verified backups, validate system integrity, gradually re-enable
access with enhanced monitoring.4.5 Lessons Learned – Post-incident review (PIR) held within 5 bus"" | Information_Security_Policy.md: ""# ApexCloud Solutions: Information Security Policy (ISP)
**Document Version:** 2.1
**Last Updated:** January 15, 2026
**Confidentiality Level:** Internal / Under NDA"""
"at least annually","Security awareness training is required for all personnel upon hire and at least annually thereafter.","approved","07_Identity_Access_Management_Policy.pdf (p.3): ""certificates issued by an internal PKI (HashiCorp Vault) and rotated every 24 hours. API keys are supported
as a secondary mechanism for machine-to-machine integrations and are scoped to specific IP r"" | Information_Security_Policy.md: ""## 4. Human Resources Security
* **Background Checks:** All employees and contractors must undergo standard criminal background checks prior to employment.
* **Security Training:** All personnel must """
"HRS-04.2","All personnel must complete security awareness training upon hire and annually thereafter. Training includes phishing awareness, data privacy (GDPR/CCPA), and password hygiene.","approved","05_HR_Security_Policy.pdf (p.1): ""NIMBUSGUARD TECHNOLOGIES, INC.
Human Resources Security Policy
Pre-employment, Awareness Training, Termination & Code of Conduct
Document ID: NG-HRS-005 Version: 2.6
Effective Date: February 5, 2026 O"" | Information_Security_Policy.md: ""## 4. Human Resources Security
* **Background Checks:** All employees and contractors must undergo standard criminal background checks prior to employment.
* **Security Training:** All personnel must """
"stored at remote sites and locations reviewed and updated at least annually","The context does not contain information about reviews and updates of stored items at remote sites and locations. However, it does mention that disaster recovery failover and backup restoration are tested bi-annually, and access reviews are performed at various frequencies.","approved","Business_Continuity_and_Disaster_Recovery.md: ""## 3. Backups
* **Frequency:** Full database backups are taken daily. Incremental backups are taken hourly.
* **Storage:** Backups are stored in an isolated, immutable storage bucket in a geographical"" | 07_Identity_Access_Management_Policy.pdf (p.3): ""certificates issued by an internal PKI (HashiCorp Vault) and rotated every 24 hours. API keys are supported
as a secondary mechanism for machine-to-machine integrations and are scoped to specific IP r"""
"HRS-11.1","The provided context does not contain enough information to answer question HRS-11.1. The context appears to be related to security policies and incident response plans, but it does not provide specific details about HRS-11.1.","approved","05_HR_Security_Policy.pdf (p.1): ""NIMBUSGUARD TECHNOLOGIES, INC.
Human Resources Security Policy
Pre-employment, Awareness Training, Termination & Code of Conduct
Document ID: NG-HRS-005 Version: 2.6
Effective Date: February 5, 2026 O"" | 04_Incident_Response_Plan.pdf (p.1): ""NIMBUSGUARD TECHNOLOGIES, INC.
Security Incident Response Plan
Detection, Triage, Containment, Recovery & Lessons Learned
Document ID: NG-IRP-004 Version: 5.0
Effective Date: January 25, 2026 Owner: V"" | Incident_Response_Plan.md: ""# ApexCloud Solutions: Incident Response Plan (IRP)
**Document Version:** 1.5
**Last Updated:** November 10, 2025
**Confidentiality Level:** Internal / Under NDA"""
"established","The context does not provide enough information to determine what has been established. However, it mentions various policies and procedures, such as the Incident Response Plan, Information Security Policy, and Data Management and Encryption Policy, which have been established with effective dates and versions.","approved","04_Incident_Response_Plan.pdf (p.2): ""4.4 Recovery – Restore services from verified backups, validate system integrity, gradually re-enable
access with enhanced monitoring.4.5 Lessons Learned – Post-incident review (PIR) held within 5 bus"" | information_security_policy.md: ""# StrataFlow Enterprise: Information Security Policy
**Effective Date:** January 1, 2026
**Version:** 3.2"" | data_management_policy.md: ""# StrataFlow Enterprise: Data Management and Encryption Policy
**Effective Date:** November 10, 2025
**Version:** 4.0"""
"a security awareness training program for all employees of the organization","The organization has a security awareness training program that all personnel must complete upon hire and annually thereafter. The training includes phishing awareness, data privacy (GDPR/CCPA), and password hygiene.","approved","Information_Security_Policy.md: ""## 4. Human Resources Security
* **Background Checks:** All employees and contractors must undergo standard criminal background checks prior to employment.
* **Security Training:** All personnel must "" | 05_HR_Security_Policy.pdf (p.1): ""NIMBUSGUARD TECHNOLOGIES, INC.
Human Resources Security Policy
Pre-employment, Awareness Training, Termination & Code of Conduct
Document ID: NG-HRS-005 Version: 2.6
Effective Date: February 5, 2026 O"""
"and provide regular training updates.","The organization provides security awareness training to all personnel upon hire and annually thereafter, which includes phishing awareness, data privacy (GDPR/CCPA), and password hygiene. However, the context does not explicitly mention 'regular training updates' beyond the annual training.","approved","Information_Security_Policy.md: ""## 4. Human Resources Security
* **Background Checks:** All employees and contractors must undergo standard criminal background checks prior to employment.
* **Security Training:** All personnel must "" | Application_Security_and_Vulnerability_Management.md: ""## 2. Vulnerability Management
* **Scanning:** Infrastructure and application vulnerability scans are conducted weekly using automated tooling.
* **Penetration Testing:** A certified third-party secur"""
"HRS-11.2","The provided context does not contain enough information to answer question HRS-11.2. The context appears to be related to security policies and incident response plans, but it does not provide specific details about HRS-11.2.","approved","05_HR_Security_Policy.pdf (p.1): ""NIMBUSGUARD TECHNOLOGIES, INC.
Human Resources Security Policy
Pre-employment, Awareness Training, Termination & Code of Conduct
Document ID: NG-HRS-005 Version: 2.6
Effective Date: February 5, 2026 O"" | 04_Incident_Response_Plan.pdf (p.1): ""NIMBUSGUARD TECHNOLOGIES, INC.
Security Incident Response Plan
Detection, Triage, Containment, Recovery & Lessons Learned
Document ID: NG-IRP-004 Version: 5.0
Effective Date: January 25, 2026 Owner: V"" | Incident_Response_Plan.md: ""# ApexCloud Solutions: Incident Response Plan (IRP)
**Document Version:** 1.5
**Last Updated:** November 10, 2025
**Confidentiality Level:** Internal / Under NDA"""
"IAM-01.1","The organization has an Identity and Access Management Policy (IAM) in place, as documented in NIMBUSGUARD TECHNOLOGIES, INC.'s 07_Identity_Access_Management_Policy.pdf. However, the context does not provide specific details about the policy's content or controls.","approved","07_Identity_Access_Management_Policy.pdf (p.1): ""NIMBUSGUARD TECHNOLOGIES, INC.
Identity and Access Management Policy
Authentication, Authorization, Privileged Access & SSO Controls
Document ID: NG-IAM-007 Version: 3.5
Effective Date: February 10, 2"" | 04_Incident_Response_Plan.pdf (p.1): ""NIMBUSGUARD TECHNOLOGIES, INC.
Security Incident Response Plan
Detection, Triage, Containment, Recovery & Lessons Learned
Document ID: NG-IRP-004 Version: 5.0
Effective Date: January 25, 2026 Owner: V"" | 01_Information_Security_Policy.pdf (p.1): ""NIMBUSGUARD TECHNOLOGIES, INC.
Information Security Policy
Enterprise Governance, Risk & Compliance Framework
Document ID: NG-ISP-001 Version: 4.2
Effective Date: January 15, 2026 Owner: CISO – Dr. El"" | 06_Infrastructure_Operations_Security.pdf (p.1): ""NIMBUSGUARD TECHNOLOGIES, INC.
Infrastructure and Operations Security Policy
Cloud Architecture, Network Security, Change Management & Monitoring
Document ID: NG-INF-006 Version: 4.0
Effective Date: J"" | Information_Security_Policy.md: ""# ApexCloud Solutions: Information Security Policy (ISP)
**Document Version:** 2.1
**Last Updated:** January 15, 2026
**Confidentiality Level:** Internal / Under NDA"""
"approved","The Identity and Access Management Policy document is approved.","approved","Application_Security_and_Vulnerability_Management.md: ""# ApexCloud Solutions: AppSec & TVM Policy
**Document Version:** 2.2
**Last Updated:** March 01, 2026
**Confidentiality Level:** Internal / Under NDA"" | 07_Identity_Access_Management_Policy.pdf (p.1): ""NIMBUSGUARD TECHNOLOGIES, INC.
Identity and Access Management Policy
Authentication, Authorization, Privileged Access & SSO Controls
Document ID: NG-IAM-007 Version: 3.5
Effective Date: February 10, 2"""
"maintain policies and procedures for identity and access management. Review","The organization maintains policies and procedures for identity and access management through its Information Security Policy and Identity and Access Management Policy. These policies outline the guidelines for Role-Based Access Control (RBAC), Multi-Factor Authentication (MFA), Access Reviews, and Offboarding procedures to ensure that all access to production systems and customer data is strictly governed and follows the principle of least privilege.","approved","Information_Security_Policy.md: ""## 2. Identity and Access Management (IAM)
* **Role-Based Access Control (RBAC):** All access to production systems and customer data is strictly governed by RBAC, adhering to the principle of least p"" | 07_Identity_Access_Management_Policy.pdf (p.1): ""NIMBUSGUARD TECHNOLOGIES, INC.
Identity and Access Management Policy
Authentication, Authorization, Privileged Access & SSO Controls
Document ID: NG-IAM-007 Version: 3.5
Effective Date: February 10, 2"""
"and update the policies and procedures at least annually","The provided context does not explicitly state that policies and procedures are updated at least annually. However, it is mentioned that the Code of Conduct is reviewed and re-acknowledged annually by all staff, and security awareness training is completed annually by all personnel.","approved","05_HR_Security_Policy.pdf (p.3): ""For internal role changes, a formal access review is triggered by the HRIS (Workday) and completed within
5 business days. The principle of least privilege is reapplied: previous role access is remove"" | information_security_policy.md: ""# StrataFlow Enterprise: Information Security Policy
**Effective Date:** January 1, 2026
**Version:** 3.2"" | Information_Security_Policy.md: ""## 4. Human Resources Security
* **Background Checks:** All employees and contractors must undergo standard criminal background checks prior to employment.
* **Security Training:** All personnel must """
"IAM-01.2","The organization has an Identity and Access Management Policy in place, as documented in NIMBUSGUARD TECHNOLOGIES, INC.'s 07_Identity_Access_Management_Policy.pdf, which outlines the controls for authentication, authorization, privileged access, and SSO.","approved","07_Identity_Access_Management_Policy.pdf (p.1): ""NIMBUSGUARD TECHNOLOGIES, INC.
Identity and Access Management Policy
Authentication, Authorization, Privileged Access & SSO Controls
Document ID: NG-IAM-007 Version: 3.5
Effective Date: February 10, 2"" | 04_Incident_Response_Plan.pdf (p.1): ""NIMBUSGUARD TECHNOLOGIES, INC.
Security Incident Response Plan
Detection, Triage, Containment, Recovery & Lessons Learned
Document ID: NG-IRP-004 Version: 5.0
Effective Date: January 25, 2026 Owner: V"" | 01_Information_Security_Policy.pdf (p.1): ""NIMBUSGUARD TECHNOLOGIES, INC.
Information Security Policy
Enterprise Governance, Risk & Compliance Framework
Document ID: NG-ISP-001 Version: 4.2
Effective Date: January 15, 2026 Owner: CISO – Dr. El"" | Information_Security_Policy.md: ""# ApexCloud Solutions: Information Security Policy (ISP)
**Document Version:** 2.1
**Last Updated:** January 15, 2026
**Confidentiality Level:** Internal / Under NDA"""
"at least annually","Security awareness training is required for all personnel upon hire and at least annually thereafter.","approved","07_Identity_Access_Management_Policy.pdf (p.3): ""certificates issued by an internal PKI (HashiCorp Vault) and rotated every 24 hours. API keys are supported
as a secondary mechanism for machine-to-machine integrations and are scoped to specific IP r"" | Information_Security_Policy.md: ""## 4. Human Resources Security
* **Background Checks:** All employees and contractors must undergo standard criminal background checks prior to employment.
* **Security Training:** All personnel must """
"IAM-03.1","The provided context does not contain enough information to answer question IAM-03.1. The context chunks include various security policy documents, but none of them directly reference or answer a specific question labeled as IAM-03.1.","approved","07_Identity_Access_Management_Policy.pdf (p.1): ""NIMBUSGUARD TECHNOLOGIES, INC.
Identity and Access Management Policy
Authentication, Authorization, Privileged Access & SSO Controls
Document ID: NG-IAM-007 Version: 3.5
Effective Date: February 10, 2"" | 04_Incident_Response_Plan.pdf (p.1): ""NIMBUSGUARD TECHNOLOGIES, INC.
Security Incident Response Plan
Detection, Triage, Containment, Recovery & Lessons Learned
Document ID: NG-IRP-004 Version: 5.0
Effective Date: January 25, 2026 Owner: V"" | 06_Infrastructure_Operations_Security.pdf (p.1): ""NIMBUSGUARD TECHNOLOGIES, INC.
Infrastructure and Operations Security Policy
Cloud Architecture, Network Security, Change Management & Monitoring
Document ID: NG-INF-006 Version: 4.0
Effective Date: J"" | 01_Information_Security_Policy.pdf (p.1): ""NIMBUSGUARD TECHNOLOGIES, INC.
Information Security Policy
Enterprise Governance, Risk & Compliance Framework
Document ID: NG-ISP-001 Version: 4.2
Effective Date: January 15, 2026 Owner: CISO – Dr. El"" | Incident_Response_Plan.md: ""# ApexCloud Solutions: Incident Response Plan (IRP)
**Document Version:** 1.5
**Last Updated:** November 10, 2025
**Confidentiality Level:** Internal / Under NDA"""
"their level of access.","Access to StrataFlow Enterprise systems and customer data is strictly governed by Role-Based Access Control (RBAC), adhering to the principle of least privilege. Access privileges are reviewed quarterly by the Security and Compliance team or department heads and the IT Security team.","approved","information_security_policy.md: ""## 1. Access Control
Access to StrataFlow Enterprise systems and customer data is strictly governed by Role-Based Access Control (RBAC). All employee access requires authentication via our centralized"" | Information_Security_Policy.md: ""## 2. Identity and Access Management (IAM)
* **Role-Based Access Control (RBAC):** All access to production systems and customer data is strictly governed by RBAC, adhering to the principle of least p"""
"IAM-04.1","The Identity and Access Management Policy is documented in NG-IAM-007, version 3.5, which outlines the company's approach to authentication, authorization, privileged access, and SSO controls.","approved","07_Identity_Access_Management_Policy.pdf (p.1): ""NIMBUSGUARD TECHNOLOGIES, INC.
Identity and Access Management Policy
Authentication, Authorization, Privileged Access & SSO Controls
Document ID: NG-IAM-007 Version: 3.5
Effective Date: February 10, 2"" | 04_Incident_Response_Plan.pdf (p.1): ""NIMBUSGUARD TECHNOLOGIES, INC.
Security Incident Response Plan
Detection, Triage, Containment, Recovery & Lessons Learned
Document ID: NG-IRP-004 Version: 5.0
Effective Date: January 25, 2026 Owner: V"" | 06_Infrastructure_Operations_Security.pdf (p.1): ""NIMBUSGUARD TECHNOLOGIES, INC.
Infrastructure and Operations Security Policy
Cloud Architecture, Network Security, Change Management & Monitoring
Document ID: NG-INF-006 Version: 4.0
Effective Date: J"" | 01_Information_Security_Policy.pdf (p.1): ""NIMBUSGUARD TECHNOLOGIES, INC.
Information Security Policy
Enterprise Governance, Risk & Compliance Framework
Document ID: NG-ISP-001 Version: 4.2
Effective Date: January 15, 2026 Owner: CISO – Dr. El"" | Incident_Response_Plan.md: ""# ApexCloud Solutions: Incident Response Plan (IRP)
**Document Version:** 1.5
**Last Updated:** November 10, 2025
**Confidentiality Level:** Internal / Under NDA"""
"system access?","System access is strictly governed by Role-Based Access Control (RBAC), adhering to the principle of least privilege, with Multi-Factor Authentication (MFA) enforced for all employee access to corporate networks, infrastructure, and third-party tools.","approved","Information_Security_Policy.md: ""## 2. Identity and Access Management (IAM)
* **Role-Based Access Control (RBAC):** All access to production systems and customer data is strictly governed by RBAC, adhering to the principle of least p"" | information_security_policy.md: ""## 1. Access Control
Access to StrataFlow Enterprise systems and customer data is strictly governed by Role-Based Access Control (RBAC). All employee access requires authentication via our centralized"""
"system access.","System access is strictly governed by Role-Based Access Control (RBAC), adhering to the principle of least privilege. Multi-Factor Authentication (MFA) is enforced for all employee access to corporate networks, infrastructure, and third-party tools. Access privileges are reviewed quarterly by department heads and the IT Security team.","approved","Information_Security_Policy.md: ""## 2. Identity and Access Management (IAM)
* **Role-Based Access Control (RBAC):** All access to production systems and customer data is strictly governed by RBAC, adhering to the principle of least p"" | information_security_policy.md: ""## 1. Access Control
Access to StrataFlow Enterprise systems and customer data is strictly governed by Role-Based Access Control (RBAC). All employee access requires authentication via our centralized"""
"IAM-05.1","The provided context does not contain enough information to answer the question IAM-05.1. The context appears to be related to identity and access management policies and incident response plans, but it does not provide a clear question or enough details to provide a specific answer.","approved","07_Identity_Access_Management_Policy.pdf (p.1): ""NIMBUSGUARD TECHNOLOGIES, INC.
Identity and Access Management Policy
Authentication, Authorization, Privileged Access & SSO Controls
Document ID: NG-IAM-007 Version: 3.5
Effective Date: February 10, 2"" | 04_Incident_Response_Plan.pdf (p.1): ""NIMBUSGUARD TECHNOLOGIES, INC.
Security Incident Response Plan
Detection, Triage, Containment, Recovery & Lessons Learned
Document ID: NG-IRP-004 Version: 5.0
Effective Date: January 25, 2026 Owner: V"" | Incident_Response_Plan.md: ""# ApexCloud Solutions: Incident Response Plan (IRP)
**Document Version:** 1.5
**Last Updated:** November 10, 2025
**Confidentiality Level:** Internal / Under NDA"""
"access?","Access to StrataFlow Enterprise systems and customer data is strictly governed by Role-Based Access Control (RBAC) and requires authentication via a centralized Identity Provider (Okta SSO) with Multi-Factor Authentication (MFA) enforced globally.","approved","information_security_policy.md: ""## 1. Access Control
Access to StrataFlow Enterprise systems and customer data is strictly governed by Role-Based Access Control (RBAC). All employee access requires authentication via our centralized"" | Information_Security_Policy.md: ""## 2. Identity and Access Management (IAM)
* **Role-Based Access Control (RBAC):** All access to production systems and customer data is strictly governed by RBAC, adhering to the principle of least p"""
"system access.","System access is strictly governed by Role-Based Access Control (RBAC), adhering to the principle of least privilege. Multi-Factor Authentication (MFA) is enforced for all employee access to corporate networks, infrastructure, and third-party tools. Access privileges are reviewed quarterly by department heads and the IT Security team.","approved","Information_Security_Policy.md: ""## 2. Identity and Access Management (IAM)
* **Role-Based Access Control (RBAC):** All access to production systems and customer data is strictly governed by RBAC, adhering to the principle of least p"" | information_security_policy.md: ""## 1. Access Control
Access to StrataFlow Enterprise systems and customer data is strictly governed by Role-Based Access Control (RBAC). All employee access requires authentication via our centralized"""
"IAM-06.1","The provided context does not contain enough information to answer the question IAM-06.1. However, based on the available context, it appears that NimbusGuard Technologies, Inc. has an Identity and Access Management Policy (NG-IAM-007) that outlines authentication, authorization, privileged access, and SSO controls.","approved","07_Identity_Access_Management_Policy.pdf (p.1): ""NIMBUSGUARD TECHNOLOGIES, INC.
Identity and Access Management Policy
Authentication, Authorization, Privileged Access & SSO Controls
Document ID: NG-IAM-007 Version: 3.5
Effective Date: February 10, 2"" | 04_Incident_Response_Plan.pdf (p.1): ""NIMBUSGUARD TECHNOLOGIES, INC.
Security Incident Response Plan
Detection, Triage, Containment, Recovery & Lessons Learned
Document ID: NG-IRP-004 Version: 5.0
Effective Date: January 25, 2026 Owner: V"" | 06_Infrastructure_Operations_Security.pdf (p.1): ""NIMBUSGUARD TECHNOLOGIES, INC.
Infrastructure and Operations Security Policy
Cloud Architecture, Network Security, Change Management & Monitoring
Document ID: NG-INF-006 Version: 4.0
Effective Date: J"" | Information_Security_Policy.md: ""# ApexCloud Solutions: Information Security Policy (ISP)
**Document Version:** 2.1
**Last Updated:** January 15, 2026
**Confidentiality Level:** Internal / Under NDA"""
"authorizes","The provided context does not contain enough information to determine who or what authorizes. However, based on the Identity and Access Management Policy, it can be inferred that the CISO (Dr. Elena Vasquez) and other owners such as People Managers, System Owners, and Vendor Manager have authorization roles in access reviews.","approved","07_Identity_Access_Management_Policy.pdf (p.1): ""NIMBUSGUARD TECHNOLOGIES, INC.
Identity and Access Management Policy
Authentication, Authorization, Privileged Access & SSO Controls
Document ID: NG-IAM-007 Version: 3.5
Effective Date: February 10, 2"" | data_management_policy.md: ""# StrataFlow Enterprise: Data Management and Encryption Policy
**Effective Date:** November 10, 2025
**Version:** 4.0"""
"records","Records are retained for a minimum of 13 months in hot storage and 7 years in cold storage (S3 Glacier), with logs being immutable after ingestion (write-once, read-many). Additionally, backups are retained for exactly 30 days before being automatically purged, and customer data is hard-deleted from active production databases within 60 days of contract termination.","approved","02_Data_Protection_Privacy_Policy.pdf (p.3): ""• Encryption layer: Enterprise customers receive dedicated KMS keys ensuring cryptographic
separation of data.• Audit layer: All data access is logged with tenant ID, user ID, resource accessed, and a"" | 06_Infrastructure_Operations_Security.pdf (p.3): ""Activity Tool Frequency SLA (Remediation)
Infrastructure scanning Wiz, AWS Inspector Continuous Critical: 24h, High: 7d, Med: 30d
Application DAST Burp Suite Enterprise Weekly Critical: 48h, High: 14d"" | data_management_policy.md: ""## 3. Data Backups and Retention
* Full database backups are performed daily and stored in an isolated, logically separated AWS account.
* Backups are retained for exactly 30 days before being automat"""
"IAM-07.1","The Identity and Access Management Policy document ID is NG-IAM-007, version 3.5, and it is owned by the CISO, Dr. Elena Vasquez.","approved","07_Identity_Access_Management_Policy.pdf (p.1): ""NIMBUSGUARD TECHNOLOGIES, INC.
Identity and Access Management Policy
Authentication, Authorization, Privileged Access & SSO Controls
Document ID: NG-IAM-007 Version: 3.5
Effective Date: February 10, 2"" | 04_Incident_Response_Plan.pdf (p.1): ""NIMBUSGUARD TECHNOLOGIES, INC.
Security Incident Response Plan
Detection, Triage, Containment, Recovery & Lessons Learned
Document ID: NG-IRP-004 Version: 5.0
Effective Date: January 25, 2026 Owner: V"" | Incident_Response_Plan.md: ""# ApexCloud Solutions: Incident Response Plan (IRP)
**Document Version:** 1.5
**Last Updated:** November 10, 2025
**Confidentiality Level:** Internal / Under NDA"""
"IAM-08.1","The provided context does not contain enough information to answer the question IAM-08.1. The context only includes introductory pages from various security and compliance documents, but does not provide specific details related to the question.","approved","07_Identity_Access_Management_Policy.pdf (p.1): ""NIMBUSGUARD TECHNOLOGIES, INC.
Identity and Access Management Policy
Authentication, Authorization, Privileged Access & SSO Controls
Document ID: NG-IAM-007 Version: 3.5
Effective Date: February 10, 2"" | 04_Incident_Response_Plan.pdf (p.1): ""NIMBUSGUARD TECHNOLOGIES, INC.
Security Incident Response Plan
Detection, Triage, Containment, Recovery & Lessons Learned
Document ID: NG-IRP-004 Version: 5.0
Effective Date: January 25, 2026 Owner: V"" | 01_Information_Security_Policy.pdf (p.1): ""NIMBUSGUARD TECHNOLOGIES, INC.
Information Security Policy
Enterprise Governance, Risk & Compliance Framework
Document ID: NG-ISP-001 Version: 4.2
Effective Date: January 15, 2026 Owner: CISO – Dr. El"" | 06_Infrastructure_Operations_Security.pdf (p.1): ""NIMBUSGUARD TECHNOLOGIES, INC.
Infrastructure and Operations Security Policy
Cloud Architecture, Network Security, Change Management & Monitoring
Document ID: NG-INF-006 Version: 4.0
Effective Date: J"" | Incident_Response_Plan.md: ""# ApexCloud Solutions: Incident Response Plan (IRP)
**Document Version:** 1.5
**Last Updated:** November 10, 2025
**Confidentiality Level:** Internal / Under NDA"""
"completed with a frequency commensurate with organizational risk tolerance","Vulnerability scans are conducted weekly, which is a frequency commensurate with the organizational risk tolerance as evidenced by the presence of 12 High risks and no Critical risks in the risk register.","approved","01_Information_Security_Policy.pdf (p.2): ""Risk treatment plans require
CISO approval and are reviewed quarterly.The Company maintains a formal risk appetite statement approved by the Board.Residual risks rated ‘High’
or ‘Critical’ require exp"" | Application_Security_and_Vulnerability_Management.md: ""## 2. Vulnerability Management
* **Scanning:** Infrastructure and application vulnerability scans are conducted weekly using automated tooling.
* **Penetration Testing:** A certified third-party secur"""
"at least annually or upon significant changes?","The provided context does not contain information about reviews or assessments being performed at least annually or upon significant changes, except for access reviews which are performed at various frequencies. However, it does mention that changes to production infrastructure must be documented and approved, but does not specify a time frame for this process.","approved","07_Identity_Access_Management_Policy.pdf (p.3): ""certificates issued by an internal PKI (HashiCorp Vault) and rotated every 24 hours. API keys are supported
as a secondary mechanism for machine-to-machine integrations and are scoped to specific IP r"" | Application_Security_and_Vulnerability_Management.md: ""## 3. Change Management
All changes to production infrastructure must be documented, approved by the Change Advisory Board (CAB) for high-risk changes, and include a documented rollback plan in case o"""
"frequency that is commensurate with organizational risk tolerance","The frequency that is commensurate with organizational risk tolerance is quarterly, as risk treatment plans are reviewed quarterly and require CISO approval. Additionally, residual risks rated 'High' or 'Critical' require explicit Board acceptance, indicating a high level of risk tolerance and oversight.","approved","01_Information_Security_Policy.pdf (p.2): ""Risk treatment plans require
CISO approval and are reviewed quarterly.The Company maintains a formal risk appetite statement approved by the Board.Residual risks rated ‘High’
or ‘Critical’ require exp"" | Business_Continuity_and_Disaster_Recovery.md: ""## 2. Recovery Objectives
* **Recovery Time Objective (RTO):** 4 hours. (The maximum acceptable time the application can be offline).
* **Recovery Point Objective (RPO):** 1 hour. (The maximum accepta"""
"or upon significant changes.","Changes are deployed to staging first, then soaked for 24 hours before being promoted to production, and high-risk changes require approval from the Change Advisory Board (CAB), which meets weekly.","approved","Application_Security_and_Vulnerability_Management.md: ""## 3. Change Management
All changes to production infrastructure must be documented, approved by the Change Advisory Board (CAB) for high-risk changes, and include a documented rollback plan in case o"" | 06_Infrastructure_Operations_Security.pdf (p.2): ""Changes are deployed to
staging first, soaked for 24 hours, then promoted to production.• Change Advisory Board: High-risk changes (database schema, auth system, encryption) require
CAB approval.CAB m"""
"IAM-09.1","The provided context does not contain enough information to answer the question IAM-09.1. The context chunks appear to be introductory pages from various security and compliance documents, but they do not provide specific details related to the question.","approved","07_Identity_Access_Management_Policy.pdf (p.1): ""NIMBUSGUARD TECHNOLOGIES, INC.
Identity and Access Management Policy
Authentication, Authorization, Privileged Access & SSO Controls
Document ID: NG-IAM-007 Version: 3.5
Effective Date: February 10, 2"" | 04_Incident_Response_Plan.pdf (p.1): ""NIMBUSGUARD TECHNOLOGIES, INC.
Security Incident Response Plan
Detection, Triage, Containment, Recovery & Lessons Learned
Document ID: NG-IRP-004 Version: 5.0
Effective Date: January 25, 2026 Owner: V"" | 06_Infrastructure_Operations_Security.pdf (p.1): ""NIMBUSGUARD TECHNOLOGIES, INC.
Infrastructure and Operations Security Policy
Cloud Architecture, Network Security, Change Management & Monitoring
Document ID: NG-INF-006 Version: 4.0
Effective Date: J"" | 01_Information_Security_Policy.pdf (p.1): ""NIMBUSGUARD TECHNOLOGIES, INC.
Information Security Policy
Enterprise Governance, Risk & Compliance Framework
Document ID: NG-ISP-001 Version: 4.2
Effective Date: January 15, 2026 Owner: CISO – Dr. El"" | Incident_Response_Plan.md: ""# ApexCloud Solutions: Incident Response Plan (IRP)
**Document Version:** 1.5
**Last Updated:** November 10, 2025
**Confidentiality Level:** Internal / Under NDA"""
"access roles defined","Access roles are defined based on Role-Based Access Control (RBAC), adhering to the principle of least privilege, but specific roles are not explicitly listed in the provided context.","approved","information_security_policy.md: ""## 1. Access Control
Access to StrataFlow Enterprise systems and customer data is strictly governed by Role-Based Access Control (RBAC). All employee access requires authentication via our centralized"" | Information_Security_Policy.md: ""## 2. Identity and Access Management (IAM)
* **Role-Based Access Control (RBAC):** All access to production systems and customer data is strictly governed by RBAC, adhering to the principle of least p"""
"measures for the segregation of privileged access roles.","The organization implements Role-Based Access Control (RBAC) adhering to the principle of least privilege, ensuring that all access to production systems and customer data is strictly governed. This implies segregation of privileged access roles, with each role having only the necessary privileges to perform its tasks.","approved","Information_Security_Policy.md: ""## 2. Identity and Access Management (IAM)
* **Role-Based Access Control (RBAC):** All access to production systems and customer data is strictly governed by RBAC, adhering to the principle of least p"" | information_security_policy.md: ""## 1. Access Control
Access to StrataFlow Enterprise systems and customer data is strictly governed by Role-Based Access Control (RBAC). All employee access requires authentication via our centralized"""
"IAM-10.1","The provided context does not contain enough information to answer the question IAM-10.1. The context only includes introductory pages from various security and compliance documents, but does not provide specific details related to IAM-10.1.","approved","07_Identity_Access_Management_Policy.pdf (p.1): ""NIMBUSGUARD TECHNOLOGIES, INC.
Identity and Access Management Policy
Authentication, Authorization, Privileged Access & SSO Controls
Document ID: NG-IAM-007 Version: 3.5
Effective Date: February 10, 2"" | 04_Incident_Response_Plan.pdf (p.1): ""NIMBUSGUARD TECHNOLOGIES, INC.
Security Incident Response Plan
Detection, Triage, Containment, Recovery & Lessons Learned
Document ID: NG-IRP-004 Version: 5.0
Effective Date: January 25, 2026 Owner: V"" | 06_Infrastructure_Operations_Security.pdf (p.1): ""NIMBUSGUARD TECHNOLOGIES, INC.
Infrastructure and Operations Security Policy
Cloud Architecture, Network Security, Change Management & Monitoring
Document ID: NG-INF-006 Version: 4.0
Effective Date: J"" | 01_Information_Security_Policy.pdf (p.1): ""NIMBUSGUARD TECHNOLOGIES, INC.
Information Security Policy
Enterprise Governance, Risk & Compliance Framework
Document ID: NG-ISP-001 Version: 4.2
Effective Date: January 15, 2026 Owner: CISO – Dr. El"" | Information_Security_Policy.md: ""# ApexCloud Solutions: Information Security Policy (ISP)
**Document Version:** 2.1
**Last Updated:** January 15, 2026
**Confidentiality Level:** Internal / Under NDA"""
"and rights are granted for a limited period?","Access rights are granted for a limited period, with reviews conducted quarterly for user access certification, monthly for privileged access review, semi-annually for service account review, and quarterly for third-party access review.","approved","07_Identity_Access_Management_Policy.pdf (p.3): ""certificates issued by an internal PKI (HashiCorp Vault) and rotated every 24 hours. API keys are supported
as a secondary mechanism for machine-to-machine integrations and are scoped to specific IP r"" | Information_Security_Policy.md: ""## 2. Identity and Access Management (IAM)
* **Role-Based Access Control (RBAC):** All access to production systems and customer data is strictly governed by RBAC, adhering to the principle of least p"""
"roles and rights are granted for a time limited period","While the context does not explicitly state that roles and rights are granted for a time-limited period, it does mention that access reviews are performed on a regular basis, including quarterly user access certification and monthly reviews for privileged access. This implies that access rights are subject to periodic review and potential revocation, which could be interpreted as a form of time-limited granting of rights.","approved","05_HR_Security_Policy.pdf (p.3): ""For internal role changes, a formal access review is triggered by the HRIS (Workday) and completed within
5 business days. The principle of least privilege is reapplied: previous role access is remove"" | 07_Identity_Access_Management_Policy.pdf (p.3): ""certificates issued by an internal PKI (HashiCorp Vault) and rotated every 24 hours. API keys are supported
as a secondary mechanism for machine-to-machine integrations and are scoped to specific IP r"" | Information_Security_Policy.md: ""## 2. Identity and Access Management (IAM)
* **Role-Based Access Control (RBAC):** All access to production systems and customer data is strictly governed by RBAC, adhering to the principle of least p"""
"to prevent the accumulation of segregated privileged access.","Access privileges are reviewed quarterly by the Security and Compliance team to prevent the accumulation of segregated privileged access. Additionally, user access rights are reviewed on a quarterly basis by department heads and the IT Security team, and unnecessary privileges are revoked immediately.","approved","information_security_policy.md: ""## 1. Access Control
Access to StrataFlow Enterprise systems and customer data is strictly governed by Role-Based Access Control (RBAC). All employee access requires authentication via our centralized"" | 07_Identity_Access_Management_Policy.pdf (p.1): ""NIMBUSGUARD TECHNOLOGIES, INC.
Identity and Access Management Policy
Authentication, Authorization, Privileged Access & SSO Controls
Document ID: NG-IAM-007 Version: 3.5
Effective Date: February 10, 2"" | Information_Security_Policy.md: ""## 2. Identity and Access Management (IAM)
* **Role-Based Access Control (RBAC):** All access to production systems and customer data is strictly governed by RBAC, adhering to the principle of least p"""
"IAM-10.2","The provided context does not contain enough information to answer the question IAM-10.2. The context includes various security policies and incident response plans from NIMBUSGUARD TECHNOLOGIES, INC. and ApexCloud Solutions, but it does not specifically address IAM-10.2.","approved","07_Identity_Access_Management_Policy.pdf (p.1): ""NIMBUSGUARD TECHNOLOGIES, INC.
Identity and Access Management Policy
Authentication, Authorization, Privileged Access & SSO Controls
Document ID: NG-IAM-007 Version: 3.5
Effective Date: February 10, 2"" | 04_Incident_Response_Plan.pdf (p.1): ""NIMBUSGUARD TECHNOLOGIES, INC.
Security Incident Response Plan
Detection, Triage, Containment, Recovery & Lessons Learned
Document ID: NG-IRP-004 Version: 5.0
Effective Date: January 25, 2026 Owner: V"" | 06_Infrastructure_Operations_Security.pdf (p.1): ""NIMBUSGUARD TECHNOLOGIES, INC.
Infrastructure and Operations Security Policy
Cloud Architecture, Network Security, Change Management & Monitoring
Document ID: NG-INF-006 Version: 4.0
Effective Date: J"" | Information_Security_Policy.md: ""# ApexCloud Solutions: Information Security Policy (ISP)
**Document Version:** 2.1
**Last Updated:** January 15, 2026
**Confidentiality Level:** Internal / Under NDA"""
"IAM-13.1","The provided context does not contain enough information to answer the question IAM-13.1. The context includes documents related to Identity and Access Management Policy and Incident Response Plan, but it does not provide specific details about IAM-13.1.","approved","07_Identity_Access_Management_Policy.pdf (p.1): ""NIMBUSGUARD TECHNOLOGIES, INC.
Identity and Access Management Policy
Authentication, Authorization, Privileged Access & SSO Controls
Document ID: NG-IAM-007 Version: 3.5
Effective Date: February 10, 2"" | 04_Incident_Response_Plan.pdf (p.1): ""NIMBUSGUARD TECHNOLOGIES, INC.
Security Incident Response Plan
Detection, Triage, Containment, Recovery & Lessons Learned
Document ID: NG-IRP-004 Version: 5.0
Effective Date: January 25, 2026 Owner: V"" | Incident_Response_Plan.md: ""# ApexCloud Solutions: Incident Response Plan (IRP)
**Document Version:** 1.5
**Last Updated:** November 10, 2025
**Confidentiality Level:** Internal / Under NDA"""
"to systems","The context does not provide enough information to give a detailed answer about systems. However, it mentions various security tools and processes, such as infrastructure scanning, application DAST, static analysis, dependency scanning, container image scanning, external penetration testing, and bug bounty programs. Additionally, it discusses logging and monitoring, as well as asset management.","approved","06_Infrastructure_Operations_Security.pdf (p.3): ""Activity Tool Frequency SLA (Remediation)
Infrastructure scanning Wiz, AWS Inspector Continuous Critical: 24h, High: 7d, Med: 30d
Application DAST Burp Suite Enterprise Weekly Critical: 48h, High: 14d"" | Incident_Response_Plan.md: ""## 1. Scope
This document defines the process for detecting, analyzing, responding to, and recovering from cybersecurity incidents affecting ApexCloud systems."""
"for a least-privileged user and sensitive data access defined","Access to sensitive data is governed by Role-Based Access Control (RBAC) and requires authentication via a centralized Identity Provider (Okta SSO) with Multi-Factor Authentication (MFA) enforced globally. However, specific details on least-privileged user access to sensitive data are not provided in the given context.","approved","information_security_policy.md: ""## 1. Access Control
Access to StrataFlow Enterprise systems and customer data is strictly governed by Role-Based Access Control (RBAC). All employee access requires authentication via our centralized"" | 07_Identity_Access_Management_Policy.pdf (p.1): ""NIMBUSGUARD TECHNOLOGIES, INC.
Identity and Access Management Policy
Authentication, Authorization, Privileged Access & SSO Controls
Document ID: NG-IAM-007 Version: 3.5
Effective Date: February 10, 2"" | Information_Security_Policy.md: ""## 1. Purpose
This policy outlines the security baseline for all ApexCloud Solutions information systems, data, and personnel to ensure the confidentiality, integrity, and availability of customer dat"""
"evaluated?","Low severity vulnerabilities are evaluated and scheduled for an upcoming sprint.","approved","Application_Security_and_Vulnerability_Management.md: ""# ApexCloud Solutions: AppSec & TVM Policy
**Document Version:** 2.2
**Last Updated:** March 01, 2026
**Confidentiality Level:** Internal / Under NDA"""
"measures for authenticating access to systems","The organization enforces Single Sign-On (SSO) via Okta for all corporate and production systems, with SSO configured with SAML 2.0 and supporting OIDC for modern applications. Additionally, Multi-Factor Authentication (MFA) is mandatory for all users across all systems without exception, with approved methods including hardware security keys, Okta Verify push notifications, and time-based one-time passwords. For systems that do not yet support SSO or for service accounts, password complexity rules are enforced, including a minimum length of 14 characters, and containing at least one uppercase letter, one lowercase letter, one number, and one special character. Passwords expire and must be rotated every 90 days, with password reuse for the last 5 passwords automatically blocked.","approved","information_security_policy.md: ""## 2. Password Requirements
For legacy systems that do not yet support SSO, or for service accounts, the following password complexity rules are enforced systematically:
* Minimum length of 14 charact"" | 07_Identity_Access_Management_Policy.pdf (p.2): ""1. Authentication
1.1 Single Sign-On
NimbusGuard enforces Single Sign-On (SSO) via Okta for all corporate and production systems. SSO is
configured with SAML 2.0 and supports OIDC for modern applicati"" | Information_Security_Policy.md: ""## 2. Identity and Access Management (IAM)
* **Role-Based Access Control (RBAC):** All access to production systems and customer data is strictly governed by RBAC, adhering to the principle of least p"""
"including multifactor authentication for at least privileged user and sensitive","Multifactor authentication (MFA) is mandatory for all users across all systems without exception. For privileged accounts, hardware security keys (YubiKey) are preferred and required. MFA methods include Okta Verify push notifications and time-based one-time passwords (TOTP) as a fallback. Additionally, privileged access to production systems is controlled through CyberArk Privileged Access Management, which includes just-in-time (JIT) access with a maximum session duration of 4 hours and requires dual authorization plus documented justification for break-glass accounts.","approved","information_security_policy.md: ""## 2. Password Requirements
For legacy systems that do not yet support SSO, or for service accounts, the following password complexity rules are enforced systematically:
* Minimum length of 14 charact"" | 07_Identity_Access_Management_Policy.pdf (p.2): ""1. Authentication
1.1 Single Sign-On
NimbusGuard enforces Single Sign-On (SSO) via Okta for all corporate and production systems. SSO is
configured with SAML 2.0 and supports OIDC for modern applicati"""
"data access. Adopt digital certificates or alternatives which achieve an equivalent","NimbusGuard uses digital certificates issued by an internal PKI (HashiCorp Vault) that are rotated every 24 hours for authentication, and also supports API keys as a secondary mechanism for machine-to-machine integrations. Additionally, the company has an encryption layer with dedicated KMS keys for enterprise customers, ensuring cryptographic separation of data, and all data access is logged with tenant ID, user ID, resource accessed, and action performed.","approved","07_Identity_Access_Management_Policy.pdf (p.3): ""certificates issued by an internal PKI (HashiCorp Vault) and rotated every 24 hours. API keys are supported
as a secondary mechanism for machine-to-machine integrations and are scoped to specific IP r"" | 02_Data_Protection_Privacy_Policy.pdf (p.3): ""• Encryption layer: Enterprise customers receive dedicated KMS keys ensuring cryptographic
separation of data.• Audit layer: All data access is logged with tenant ID, user ID, resource accessed, and a"""
"level of security for system identities.","The level of security for system identities is enforced through Role-Based Access Control (RBAC) and Multi-Factor Authentication (MFA), adhering to the principle of least privilege. Additionally, password complexity rules are enforced for legacy systems and service accounts, including a minimum length of 14 characters, requirements for uppercase, lowercase, numbers, and special characters, and password rotation every 90 days.","approved","Information_Security_Policy.md: ""## 2. Identity and Access Management (IAM)
* **Role-Based Access Control (RBAC):** All access to production systems and customer data is strictly governed by RBAC, adhering to the principle of least p"" | information_security_policy.md: ""## 2. Password Requirements
For legacy systems that do not yet support SSO, or for service accounts, the following password complexity rules are enforced systematically:
* Minimum length of 14 charact"""
"IAM-13.2","The provided context does not contain enough information to answer the question IAM-13.2. The context chunks are related to Identity and Access Management Policy, Security Incident Response Plan, and Information Security Policy, but none of them specifically mention IAM-13.2.","approved","07_Identity_Access_Management_Policy.pdf (p.1): ""NIMBUSGUARD TECHNOLOGIES, INC.
Identity and Access Management Policy
Authentication, Authorization, Privileged Access & SSO Controls
Document ID: NG-IAM-007 Version: 3.5
Effective Date: February 10, 2"" | 04_Incident_Response_Plan.pdf (p.1): ""NIMBUSGUARD TECHNOLOGIES, INC.
Security Incident Response Plan
Detection, Triage, Containment, Recovery & Lessons Learned
Document ID: NG-IRP-004 Version: 5.0
Effective Date: January 25, 2026 Owner: V"" | Information_Security_Policy.md: ""# ApexCloud Solutions: Information Security Policy (ISP)
**Document Version:** 2.1
**Last Updated:** January 15, 2026
**Confidentiality Level:** Internal / Under NDA"""
"level for system identities adopted?","The context provided does not contain information about the level for system identities adopted. The information given focuses on Identity and Access Management (IAM) policies, including Role-Based Access Control (RBAC), Multi-Factor Authentication (MFA), Access Reviews, and Offboarding procedures, but does not specify the level for system identities.","approved","07_Identity_Access_Management_Policy.pdf (p.1): ""NIMBUSGUARD TECHNOLOGIES, INC.
Identity and Access Management Policy
Authentication, Authorization, Privileged Access & SSO Controls
Document ID: NG-IAM-007 Version: 3.5
Effective Date: February 10, 2"" | Information_Security_Policy.md: ""## 2. Identity and Access Management (IAM)
* **Role-Based Access Control (RBAC):** All access to production systems and customer data is strictly governed by RBAC, adhering to the principle of least p"""
"IPY-01.1","The provided context does not contain enough information to answer the question IPY-01.1. The context appears to be related to incident response plans from different sources, but it does not provide any specific details that could be used to answer a question labeled as IPY-01.1.","approved","04_Incident_Response_Plan.pdf (p.1): ""NIMBUSGUARD TECHNOLOGIES, INC.
Security Incident Response Plan
Detection, Triage, Containment, Recovery & Lessons Learned
Document ID: NG-IRP-004 Version: 5.0
Effective Date: January 25, 2026 Owner: V"" | Incident_Response_Plan.md: ""# ApexCloud Solutions: Incident Response Plan (IRP)
**Document Version:** 1.5
**Last Updated:** November 10, 2025
**Confidentiality Level:** Internal / Under NDA"""
"applied","The provided context does not contain enough information to answer the question as it seems incomplete and lacks specific details about 'applied'. The context appears to be related to ApexCloud Solutions' AppSec & TVM Policy and Incident Response Plan, but without more specific information, it's challenging to provide a detailed answer.","approved","Application_Security_and_Vulnerability_Management.md: ""# ApexCloud Solutions: AppSec & TVM Policy
**Document Version:** 2.2
**Last Updated:** March 01, 2026
**Confidentiality Level:** Internal / Under NDA"" | Incident_Response_Plan.md: ""## 1. Scope
This document defines the process for detecting, analyzing, responding to, and recovering from cybersecurity incidents affecting ApexCloud systems."""
"(e.g.","StrataFlow Enterprise production workloads are hosted exclusively on Amazon Web Services (AWS) within the `us-east-1` (Northern Virginia) and `us-west-2` (Oregon) regions.","approved","Application_Security_and_Vulnerability_Management.md: ""## 1. Secure Software Development Life Cycle (SDLC)
* **Code Review:** All code changes must undergo a peer review by at least one other engineer before being merged into the main branch.
* **Testing:"" | data_management_policy.md: ""## 2. Hosting Environment
StrataFlow Enterprise production workloads are hosted exclusively on Amazon Web Services (AWS) within the `us-east-1` (Northern Virginia) and `us-west-2` (Oregon) regions. We"""
"policies and procedures for interoperability and portability including","The provided context does not contain sufficient information regarding policies and procedures for interoperability and portability. The context primarily includes information about the Information Security Policy and Infrastructure and Operations Security Policy of NIMBUSGUARD TECHNOLOGIES, INC., and a brief overview of the StrataFlow Enterprise: Information Security Policy. None of these chunks specifically address interoperability and portability policies and procedures.","approved","01_Information_Security_Policy.pdf (p.1): ""NIMBUSGUARD TECHNOLOGIES, INC.
Information Security Policy
Enterprise Governance, Risk & Compliance Framework
Document ID: NG-ISP-001 Version: 4.2
Effective Date: January 15, 2026 Owner: CISO – Dr. El"" | 06_Infrastructure_Operations_Security.pdf (p.1): ""NIMBUSGUARD TECHNOLOGIES, INC.
Infrastructure and Operations Security Policy
Cloud Architecture, Network Security, Change Management & Monitoring
Document ID: NG-INF-006 Version: 4.0
Effective Date: J"" | information_security_policy.md: ""# StrataFlow Enterprise: Information Security Policy
**Effective Date:** January 1, 2026
**Version:** 3.2"""
"requirements for:","Password requirements include a minimum length of 14 characters, at least one uppercase letter, one lowercase letter, one number, and one special character. Passwords expire and must be rotated every 90 days, with reuse of the last 5 passwords automatically blocked.","approved","information_security_policy.md: ""## 2. Password Requirements
For legacy systems that do not yet support SSO, or for service accounts, the following password complexity rules are enforced systematically:
* Minimum length of 14 charact"" | 05_HR_Security_Policy.pdf (p.1): ""NIMBUSGUARD TECHNOLOGIES, INC.
Human Resources Security Policy
Pre-employment, Awareness Training, Termination & Code of Conduct
Document ID: NG-HRS-005 Version: 2.6
Effective Date: February 5, 2026 O"" | Information_Security_Policy.md: ""## 4. Human Resources Security
* **Background Checks:** All employees and contractors must undergo standard criminal background checks prior to employment.
* **Security Training:** All personnel must """
"a. Communications between application interfaces","The provided context does not contain information about communications between application interfaces. The context primarily discusses the ApexCloud Solutions: AppSec & TVM Policy and Incident Response Plan, focusing on policy versions, confidentiality levels, and incident notification procedures.","approved","Application_Security_and_Vulnerability_Management.md: ""# ApexCloud Solutions: AppSec & TVM Policy
**Document Version:** 2.2
**Last Updated:** March 01, 2026
**Confidentiality Level:** Internal / Under NDA"" | Incident_Response_Plan.md: ""## 3. Notification and Communication
* **Internal:** The Computer Security Incident Response Team (CSIRT) is notified immediately upon confirmation of a high-severity incident.
* **External/Customers:"""
"b. Information processing interoperability","The provided context does not contain sufficient information to address the question of information processing interoperability. The context primarily focuses on the information security policy documents of NIMBUSGUARD TECHNOLOGIES, INC. and ApexCloud Solutions, including their versions, last updated dates, and confidentiality levels, but does not delve into specifics about how these policies ensure interoperability in information processing.","approved","01_Information_Security_Policy.pdf (p.1): ""NIMBUSGUARD TECHNOLOGIES, INC.
Information Security Policy
Enterprise Governance, Risk & Compliance Framework
Document ID: NG-ISP-001 Version: 4.2
Effective Date: January 15, 2026 Owner: CISO – Dr. El"" | Information_Security_Policy.md: ""# ApexCloud Solutions: Information Security Policy (ISP)
**Document Version:** 2.1
**Last Updated:** January 15, 2026
**Confidentiality Level:** Internal / Under NDA"""
"c. Application development portability","The provided context does not contain information about application development portability. However, it does mention that Development, Staging, and Production environments are logically separated, which could imply some level of portability in terms of environment separation. Nonetheless, specific details about application development portability are not provided.","approved","Application_Security_and_Vulnerability_Management.md: ""## 1. Secure Software Development Life Cycle (SDLC)
* **Code Review:** All code changes must undergo a peer review by at least one other engineer before being merged into the main branch.
* **Testing:"" | Business_Continuity_and_Disaster_Recovery.md: ""## 4. Continuity of Operations
In the event of a localized facility disaster (e.g., corporate office outage), all ApexCloud employees are equipped and authorized to work securely from remote locations"""
"d. Information/Data exchange","The system has an encryption layer with dedicated KMS keys for enterprise customers, ensuring cryptographic separation of data. Additionally, all data access is logged with tenant ID, user ID, resource accessed, and action performed, and these logs are immutable and stored in a write-once audit partition.","approved","02_Data_Protection_Privacy_Policy.pdf (p.3): ""• Encryption layer: Enterprise customers receive dedicated KMS keys ensuring cryptographic
separation of data.• Audit layer: All data access is logged with tenant ID, user ID, resource accessed, and a"" | Incident_Response_Plan.md: ""## 3. Notification and Communication
* **Internal:** The Computer Security Incident Response Team (CSIRT) is notified immediately upon confirmation of a high-severity incident.
* **External/Customers:"""
"Review and update the policies and procedures at least annually","NimbusGuard reviews and updates its policies, including the Information Security Policy and its subordinate policies, at least annually. This is supported by the policy framework outlined in the Information Security Policy, which states that each subordinate policy is reviewed and updated at least annually.","approved","07_Identity_Access_Management_Policy.pdf (p.3): ""certificates issued by an internal PKI (HashiCorp Vault) and rotated every 24 hours. API keys are supported
as a secondary mechanism for machine-to-machine integrations and are scoped to specific IP r"" | 05_HR_Security_Policy.pdf (p.3): ""For internal role changes, a formal access review is triggered by the HRIS (Workday) and completed within
5 business days. The principle of least privilege is reapplied: previous role access is remove"" | 01_Information_Security_Policy.pdf (p.3): ""4. Compliance and Audit
NimbusGuard maintains the following certifications and attestations:
• SOC 2 Type II (annual, audited by Deloitte) – Trust Service Criteria: Security, Availability,
Confidentia"" | information_security_policy.md: ""# StrataFlow Enterprise: Information Security Policy
**Effective Date:** January 1, 2026
**Version:** 3.2"""
"IPY-01.2","The provided context does not contain enough information to answer the question IPY-01.2.","approved","04_Incident_Response_Plan.pdf (p.1): ""NIMBUSGUARD TECHNOLOGIES, INC.
Security Incident Response Plan
Detection, Triage, Containment, Recovery & Lessons Learned
Document ID: NG-IRP-004 Version: 5.0
Effective Date: January 25, 2026 Owner: V"" | Incident_Response_Plan.md: ""# ApexCloud Solutions: Incident Response Plan (IRP)
**Document Version:** 1.5
**Last Updated:** November 10, 2025
**Confidentiality Level:** Internal / Under NDA"""
"applied","The provided context does not contain enough information to answer the question about 'applied'. The context appears to be related to ApexCloud Solutions' AppSec & TVM Policy and Incident Response Plan, but it does not provide any specific details about the application of these policies or plans.","approved","Application_Security_and_Vulnerability_Management.md: ""# ApexCloud Solutions: AppSec & TVM Policy
**Document Version:** 2.2
**Last Updated:** March 01, 2026
**Confidentiality Level:** Internal / Under NDA"" | Incident_Response_Plan.md: ""## 1. Scope
This document defines the process for detecting, analyzing, responding to, and recovering from cybersecurity incidents affecting ApexCloud systems."""
"IPY-01.3","The provided context does not contain enough information to answer the question IPY-01.3.","approved","04_Incident_Response_Plan.pdf (p.1): ""NIMBUSGUARD TECHNOLOGIES, INC.
Security Incident Response Plan
Detection, Triage, Containment, Recovery & Lessons Learned
Document ID: NG-IRP-004 Version: 5.0
Effective Date: January 25, 2026 Owner: V"" | Incident_Response_Plan.md: ""# ApexCloud Solutions: Incident Response Plan (IRP)
**Document Version:** 1.5
**Last Updated:** November 10, 2025
**Confidentiality Level:** Internal / Under NDA"""
"applied","The provided context does not contain enough information to answer the question as it seems incomplete and lacks specific details about 'applied'. The context appears to be related to ApexCloud Solutions' AppSec & TVM Policy and Incident Response Plan, but without more information, it's difficult to provide a meaningful answer.","approved","Application_Security_and_Vulnerability_Management.md: ""# ApexCloud Solutions: AppSec & TVM Policy
**Document Version:** 2.2
**Last Updated:** March 01, 2026
**Confidentiality Level:** Internal / Under NDA"" | Incident_Response_Plan.md: ""## 1. Scope
This document defines the process for detecting, analyzing, responding to, and recovering from cybersecurity incidents affecting ApexCloud systems."""
"IPY-01.4","The context provided does not contain enough information to answer the question IPY-01.4. The context appears to be related to incident response plans from different sources, but it does not provide any specific details that could be used to answer a question labeled as IPY-01.4.","approved","04_Incident_Response_Plan.pdf (p.1): ""NIMBUSGUARD TECHNOLOGIES, INC.
Security Incident Response Plan
Detection, Triage, Containment, Recovery & Lessons Learned
Document ID: NG-IRP-004 Version: 5.0
Effective Date: January 25, 2026 Owner: V"" | Incident_Response_Plan.md: ""# ApexCloud Solutions: Incident Response Plan (IRP)
**Document Version:** 1.5
**Last Updated:** November 10, 2025
**Confidentiality Level:** Internal / Under NDA"""
"applied","The provided context does not contain enough information to answer the question about 'applied'. The context appears to be related to ApexCloud Solutions' AppSec & TVM Policy and Incident Response Plan, but it does not provide any specific details about the application of these policies or plans.","approved","Application_Security_and_Vulnerability_Management.md: ""# ApexCloud Solutions: AppSec & TVM Policy
**Document Version:** 2.2
**Last Updated:** March 01, 2026
**Confidentiality Level:** Internal / Under NDA"" | Incident_Response_Plan.md: ""## 1. Scope
This document defines the process for detecting, analyzing, responding to, and recovering from cybersecurity incidents affecting ApexCloud systems."""
"integrity","The principle of integrity is mentioned in the context as part of the Code of Conduct, requiring personnel to act with integrity and in the best interest of the Company and its customers. Additionally, the Information Security Policy outlines the security baseline to ensure the confidentiality, integrity, and availability of customer data.","approved","05_HR_Security_Policy.pdf (p.3): ""For internal role changes, a formal access review is triggered by the HRIS (Workday) and completed within
5 business days. The principle of least privilege is reapplied: previous role access is remove"" | Information_Security_Policy.md: ""## 1. Purpose
This policy outlines the security baseline for all ApexCloud Solutions information systems, data, and personnel to ensure the confidentiality, integrity, and availability of customer dat"""
"IPY-01.5","The provided context does not contain enough information to answer the question IPY-01.5. The context appears to be related to incident response plans from different sources, but it does not provide any specific details that could be used to answer a question labeled IPY-01.5.","approved","04_Incident_Response_Plan.pdf (p.1): ""NIMBUSGUARD TECHNOLOGIES, INC.
Security Incident Response Plan
Detection, Triage, Containment, Recovery & Lessons Learned
Document ID: NG-IRP-004 Version: 5.0
Effective Date: January 25, 2026 Owner: V"" | Incident_Response_Plan.md: ""# ApexCloud Solutions: Incident Response Plan (IRP)
**Document Version:** 1.5
**Last Updated:** November 10, 2025
**Confidentiality Level:** Internal / Under NDA"""
"updated at least annually","Penetration Testing is conducted by a certified third-party security firm and updated at least annually.","approved","07_Identity_Access_Management_Policy.pdf (p.3): ""certificates issued by an internal PKI (HashiCorp Vault) and rotated every 24 hours. API keys are supported
as a secondary mechanism for machine-to-machine integrations and are scoped to specific IP r"" | Application_Security_and_Vulnerability_Management.md: ""## 2. Vulnerability Management
* **Scanning:** Infrastructure and application vulnerability scans are conducted weekly using automated tooling.
* **Penetration Testing:** A certified third-party secur"""
"I&S-03.1","The provided context does not contain enough information to answer the question I&S-03.1.","approved","Information_Security_Policy.md: ""# ApexCloud Solutions: Information Security Policy (ISP)
**Document Version:** 2.1
**Last Updated:** January 15, 2026
**Confidentiality Level:** Internal / Under NDA"" | 04_Incident_Response_Plan.pdf (p.1): ""NIMBUSGUARD TECHNOLOGIES, INC.
Security Incident Response Plan
Detection, Triage, Containment, Recovery & Lessons Learned
Document ID: NG-IRP-004 Version: 5.0
Effective Date: January 25, 2026 Owner: V"""
"to only authenticated and authorized connections","NimbusGuard enforces Single Sign-On (SSO) via Okta for all corporate and production systems, and all employee access requires authentication via the centralized Identity Provider (Okta SSO) with Multi-Factor Authentication (MFA) enforced globally for all internal systems, VPNs, and third-party SaaS applications used by the company.","approved","07_Identity_Access_Management_Policy.pdf (p.2): ""1. Authentication
1.1 Single Sign-On
NimbusGuard enforces Single Sign-On (SSO) via Okta for all corporate and production systems. SSO is
configured with SAML 2.0 and supports OIDC for modern applicati"" | information_security_policy.md: ""## 1. Access Control
Access to StrataFlow Enterprise systems and customer data is strictly governed by Role-Based Access Control (RBAC). All employee access requires authentication via our centralized"""
"Review these configurations at least annually","The configurations that are reviewed at least annually include penetration testing, which is conducted by a certified third-party security firm, and third-party access reviews, which are performed by the Vendor Manager. Additionally, service account reviews are conducted semi-annually by System Owners, but user access certification, privileged access review, and orphaned account scans are reviewed more frequently.","approved","06_Infrastructure_Operations_Security.pdf (p.3): ""Activity Tool Frequency SLA (Remediation)
Infrastructure scanning Wiz, AWS Inspector Continuous Critical: 24h, High: 7d, Med: 30d
Application DAST Burp Suite Enterprise Weekly Critical: 48h, High: 14d"" | 07_Identity_Access_Management_Policy.pdf (p.3): ""certificates issued by an internal PKI (HashiCorp Vault) and rotated every 24 hours. API keys are supported
as a secondary mechanism for machine-to-machine integrations and are scoped to specific IP r"" | Application_Security_and_Vulnerability_Management.md: ""## 2. Vulnerability Management
* **Scanning:** Infrastructure and application vulnerability scans are conducted weekly using automated tooling.
* **Penetration Testing:** A certified third-party secur"""
"justification of all allowed services","The context does not provide a clear justification for all allowed services. However, it does mention various security tools and services used, such as Wiz, AWS Inspector, Burp Suite Enterprise, Semgrep, Snyk, Trivy, CrowdStrike Services, and HackerOne, which are utilized for infrastructure scanning, application DAST, static analysis, dependency scanning, container image scanning, external penetration testing, and bug bounty programs. Additionally, it mentions the use of Splunk Enterprise Security for centralized logging and monitoring, and ServiceNow CMDB for asset management. But without more specific information on the allowed services, it's difficult to provide a detailed justification.","approved","06_Infrastructure_Operations_Security.pdf (p.3): ""Activity Tool Frequency SLA (Remediation)
Infrastructure scanning Wiz, AWS Inspector Continuous Critical: 24h, High: 7d, Med: 30d
Application DAST Burp Suite Enterprise Weekly Critical: 48h, High: 14d"" | Information_Security_Policy.md: ""# ApexCloud Solutions: Information Security Policy (ISP)
**Document Version:** 2.1
**Last Updated:** January 15, 2026
**Confidentiality Level:** Internal / Under NDA"""
"I&S-03.2","The provided context does not contain enough information to answer question I&S-03.2. The context only includes metadata from the Information Security Policy and Incident Response Plan documents, but does not provide any specific details related to the question.","approved","Information_Security_Policy.md: ""# ApexCloud Solutions: Information Security Policy (ISP)
**Document Version:** 2.1
**Last Updated:** January 15, 2026
**Confidentiality Level:** Internal / Under NDA"" | 04_Incident_Response_Plan.pdf (p.1): ""NIMBUSGUARD TECHNOLOGIES, INC.
Security Incident Response Plan
Detection, Triage, Containment, Recovery & Lessons Learned
Document ID: NG-IRP-004 Version: 5.0
Effective Date: January 25, 2026 Owner: V"""
"I&S-03.3","The provided context does not contain enough information to answer question I&S-03.3.","approved","04_Incident_Response_Plan.pdf (p.1): ""NIMBUSGUARD TECHNOLOGIES, INC.
Security Incident Response Plan
Detection, Triage, Containment, Recovery & Lessons Learned
Document ID: NG-IRP-004 Version: 5.0
Effective Date: January 25, 2026 Owner: V"" | Information_Security_Policy.md: ""# ApexCloud Solutions: Information Security Policy (ISP)
**Document Version:** 2.1
**Last Updated:** January 15, 2026
**Confidentiality Level:** Internal / Under NDA"""
"only authenticated and authorized connections","NimbusGuard enforces Single Sign-On (SSO) via Okta for all corporate and production systems, and all access requires authentication via the centralized Identity Provider (Okta SSO) with Multi-Factor Authentication (MFA) enforced globally. Access privileges are granted based on Role-Based Access Control (RBAC) with the principle of least privilege, ensuring that only authenticated and authorized connections are allowed.","approved","07_Identity_Access_Management_Policy.pdf (p.2): ""1. Authentication
1.1 Single Sign-On
NimbusGuard enforces Single Sign-On (SSO) via Okta for all corporate and production systems. SSO is
configured with SAML 2.0 and supports OIDC for modern applicati"" | information_security_policy.md: ""## 1. Access Control
Access to StrataFlow Enterprise systems and customer data is strictly governed by Role-Based Access Control (RBAC). All employee access requires authentication via our centralized"""
"I&S-03.4","The provided context does not contain enough information to answer question I&S-03.4.","approved","04_Incident_Response_Plan.pdf (p.1): ""NIMBUSGUARD TECHNOLOGIES, INC.
Security Incident Response Plan
Detection, Triage, Containment, Recovery & Lessons Learned
Document ID: NG-IRP-004 Version: 5.0
Effective Date: January 25, 2026 Owner: V"" | Information_Security_Policy.md: ""# ApexCloud Solutions: Information Security Policy (ISP)
**Document Version:** 2.1
**Last Updated:** January 15, 2026
**Confidentiality Level:** Internal / Under NDA"""
"I&S-03.5","The provided context does not contain enough information to answer question I&S-03.5. The context only includes metadata from the Information Security Policy and Incident Response Plan documents, but does not provide any specific details related to the question.","approved","Information_Security_Policy.md: ""# ApexCloud Solutions: Information Security Policy (ISP)
**Document Version:** 2.1
**Last Updated:** January 15, 2026
**Confidentiality Level:** Internal / Under NDA"" | 04_Incident_Response_Plan.pdf (p.1): ""NIMBUSGUARD TECHNOLOGIES, INC.
Security Incident Response Plan
Detection, Triage, Containment, Recovery & Lessons Learned
Document ID: NG-IRP-004 Version: 5.0
Effective Date: January 25, 2026 Owner: V"""
"allowed services","The allowed services are not explicitly listed in the provided context. However, based on the information provided in the context chunks, the following services are mentioned as being used by NimbusGuard: Wiz, AWS Inspector, Burp Suite Enterprise, Semgrep, Snyk, Trivy, CrowdStrike Services, HackerOne, Splunk Enterprise Security, Okta, CyberArk Privileged Access Management, and various AWS services such as AWS Config.","approved","06_Infrastructure_Operations_Security.pdf (p.3): ""Activity Tool Frequency SLA (Remediation)
Infrastructure scanning Wiz, AWS Inspector Continuous Critical: 24h, High: 7d, Med: 30d
Application DAST Burp Suite Enterprise Weekly Critical: 48h, High: 14d"" | 07_Identity_Access_Management_Policy.pdf (p.2): ""1. Authentication
1.1 Single Sign-On
NimbusGuard enforces Single Sign-On (SSO) via Okta for all corporate and production systems. SSO is
configured with SAML 2.0 and supports OIDC for modern applicati"" | 04_Incident_Response_Plan.pdf (p.2): ""4.4 Recovery – Restore services from verified backups, validate system integrity, gradually re-enable
access with enhanced monitoring.4.5 Lessons Learned – Post-incident review (PIR) held within 5 bus"" | 08_Vendor_Supply_Chain_Management.pdf (p.2): ""1. Third-Party Risk Assessment
All vendors and service providers that access, process, store, or transmit NimbusGuard data or connect to
NimbusGuard systems must undergo a security risk assessment pri"" | data_management_policy.md: ""## 2. Hosting Environment
StrataFlow Enterprise production workloads are hosted exclusively on Amazon Web Services (AWS) within the `us-east-1` (Northern Virginia) and `us-west-2` (Oregon) regions. We"""
"I&S-04.1","The provided context does not contain enough information to answer the question I&S-04.1. The context appears to be related to information security policies and incident response plans, but it does not provide specific details to address the question.","approved","Information_Security_Policy.md: ""# ApexCloud Solutions: Information Security Policy (ISP)
**Document Version:** 2.1
**Last Updated:** January 15, 2026
**Confidentiality Level:** Internal / Under NDA"" | 04_Incident_Response_Plan.pdf (p.1): ""NIMBUSGUARD TECHNOLOGIES, INC.
Security Incident Response Plan
Detection, Triage, Containment, Recovery & Lessons Learned
Document ID: NG-IRP-004 Version: 5.0
Effective Date: January 25, 2026 Owner: V"""
"(according to their respective best practices) and supported by technical controls","The organization follows best practices for vulnerability management, including regular scanning, penetration testing, and adherence to SLAs for remediation. Technical controls such as automated tooling for scanning, certified third-party security firms for penetration testing, and defined SLAs for patching support these practices.","approved","06_Infrastructure_Operations_Security.pdf (p.3): ""Activity Tool Frequency SLA (Remediation)
Infrastructure scanning Wiz, AWS Inspector Continuous Critical: 24h, High: 7d, Med: 30d
Application DAST Burp Suite Enterprise Weekly Critical: 48h, High: 14d"" | Application_Security_and_Vulnerability_Management.md: ""## 2. Vulnerability Management
* **Scanning:** Infrastructure and application vulnerability scans are conducted weekly using automated tooling.
* **Penetration Testing:** A certified third-party secur"""
"as part of a security baseline?","The security baseline includes ensuring the confidentiality, integrity, and availability of customer data through vulnerability management practices such as weekly vulnerability scans, annual penetration testing, and adherence to a remediation SLA.","approved","Information_Security_Policy.md: ""## 1. Purpose
This policy outlines the security baseline for all ApexCloud Solutions information systems, data, and personnel to ensure the confidentiality, integrity, and availability of customer dat"" | Application_Security_and_Vulnerability_Management.md: ""## 2. Vulnerability Management
* **Scanning:** Infrastructure and application vulnerability scans are conducted weekly using automated tooling.
* **Penetration Testing:** A certified third-party secur"""
"according to their respective best practices","NimbusGuard follows best practices in various areas, including access reviews, vendor risk management, incident response, and vulnerability management. For internal role changes, a formal access review is triggered within 5 business days, and the principle of least privilege is reapplied. Vendors are assessed based on data sensitivity and criticality, with critical and high-tier vendors undergoing a full security risk assessment. Incident response includes recovery, lessons learned, and breach notification. Vulnerability management involves weekly scanning, annual penetration testing, and remediation based on severity, with critical vulnerabilities patched within 24 hours.","approved","05_HR_Security_Policy.pdf (p.3): ""For internal role changes, a formal access review is triggered by the HRIS (Workday) and completed within
5 business days. The principle of least privilege is reapplied: previous role access is remove"" | 08_Vendor_Supply_Chain_Management.pdf (p.2): ""1. Third-Party Risk Assessment
All vendors and service providers that access, process, store, or transmit NimbusGuard data or connect to
NimbusGuard systems must undergo a security risk assessment pri"" | 04_Incident_Response_Plan.pdf (p.2): ""4.4 Recovery – Restore services from verified backups, validate system integrity, gradually re-enable
access with enhanced monitoring.4.5 Lessons Learned – Post-incident review (PIR) held within 5 bus"" | Application_Security_and_Vulnerability_Management.md: ""## 2. Vulnerability Management
* **Scanning:** Infrastructure and application vulnerability scans are conducted weekly using automated tooling.
* **Penetration Testing:** A certified third-party secur"""
"as part of a security baseline.","The security baseline includes ensuring the confidentiality, integrity, and availability of customer data through vulnerability management practices such as weekly scanning, annual penetration testing, and adherence to a remediation SLA.","approved","Information_Security_Policy.md: ""## 1. Purpose
This policy outlines the security baseline for all ApexCloud Solutions information systems, data, and personnel to ensure the confidentiality, integrity, and availability of customer dat"" | Application_Security_and_Vulnerability_Management.md: ""## 2. Vulnerability Management
* **Scanning:** Infrastructure and application vulnerability scans are conducted weekly using automated tooling.
* **Penetration Testing:** A certified third-party secur"""
"I&S-06.1","The provided context does not contain enough information to answer the question I&S-06.1.","approved","Information_Security_Policy.md: ""# ApexCloud Solutions: Information Security Policy (ISP)
**Document Version:** 2.1
**Last Updated:** January 15, 2026
**Confidentiality Level:** Internal / Under NDA"" | 04_Incident_Response_Plan.pdf (p.1): ""NIMBUSGUARD TECHNOLOGIES, INC.
Security Incident Response Plan
Detection, Triage, Containment, Recovery & Lessons Learned
Document ID: NG-IRP-004 Version: 5.0
Effective Date: January 25, 2026 Owner: V"""
"access is appropriately segmented","Access is appropriately segmented through Role-Based Access Control (RBAC), adhering to the principle of least privilege, ensuring that employees only have access to the systems and data necessary for their roles.","approved","information_security_policy.md: ""## 1. Access Control
Access to StrataFlow Enterprise systems and customer data is strictly governed by Role-Based Access Control (RBAC). All employee access requires authentication via our centralized"" | Information_Security_Policy.md: ""## 2. Identity and Access Management (IAM)
* **Role-Based Access Control (RBAC):** All access to production systems and customer data is strictly governed by RBAC, adhering to the principle of least p"""
"service customer (tenant) access is appropriately segmented and segregated","Customer access is segmented and segregated through dedicated KMS keys for encryption, ensuring cryptographic separation of data. Additionally, all data access is logged with tenant ID, user ID, resource accessed, and action performed, providing an audit trail for each customer's data access.","approved","information_security_policy.md: ""## 1. Access Control
Access to StrataFlow Enterprise systems and customer data is strictly governed by Role-Based Access Control (RBAC). All employee access requires authentication via our centralized"" | 02_Data_Protection_Privacy_Policy.pdf (p.3): ""• Encryption layer: Enterprise customers receive dedicated KMS keys ensuring cryptographic
separation of data.• Audit layer: All data access is logged with tenant ID, user ID, resource accessed, and a"" | Information_Security_Policy.md: ""## 2. Identity and Access Management (IAM)
* **Role-Based Access Control (RBAC):** All access to production systems and customer data is strictly governed by RBAC, adhering to the principle of least p"""
"monitored and restricted.","USB mass storage devices are disabled via policy on all company-issued workstations, indicating they are restricted. However, the context does not explicitly mention monitoring of these devices.","approved","06_Infrastructure_Operations_Security.pdf (p.2): ""Changes are deployed to
staging first, soaked for 24 hours, then promoted to production.• Change Advisory Board: High-risk changes (database schema, auth system, encryption) require
CAB approval.CAB m"" | 04_Incident_Response_Plan.pdf (p.2): ""4.4 Recovery – Restore services from verified backups, validate system integrity, gradually re-enable
access with enhanced monitoring.4.5 Lessons Learned – Post-incident review (PIR) held within 5 bus"" | information_security_policy.md: ""## 3. Endpoint Management
All company-issued workstations (laptops and desktops) are managed via Mobile Device Management (MDM) solutions (Jamf for macOS, Microsoft Intune for Windows). 
* Full disk e"""
"I&S-07.1","The provided context does not contain enough information to answer question I&S-07.1.","approved","Information_Security_Policy.md: ""# ApexCloud Solutions: Information Security Policy (ISP)
**Document Version:** 2.1
**Last Updated:** January 15, 2026
**Confidentiality Level:** Internal / Under NDA"" | 04_Incident_Response_Plan.pdf (p.1): ""NIMBUSGUARD TECHNOLOGIES, INC.
Security Incident Response Plan
Detection, Triage, Containment, Recovery & Lessons Learned
Document ID: NG-IRP-004 Version: 5.0
Effective Date: January 25, 2026 Owner: V"""
"and approved protocols used when migrating servers","Changes to production infrastructure must be documented, approved by the Change Advisory Board (CAB) for high-risk changes, and include a documented rollback plan in case of deployment failure. Additionally, changes are deployed to staging first, soaked for 24 hours, then promoted to production.","approved","Application_Security_and_Vulnerability_Management.md: ""## 3. Change Management
All changes to production infrastructure must be documented, approved by the Change Advisory Board (CAB) for high-risk changes, and include a documented rollback plan in case o"" | 06_Infrastructure_Operations_Security.pdf (p.2): ""Changes are deployed to
staging first, soaked for 24 hours, then promoted to production.• Change Advisory Board: High-risk changes (database schema, auth system, encryption) require
CAB approval.CAB m"""
"data to cloud environments?","All data transmitted over public networks to cloud environments is encrypted using TLS 1.2 or higher.","approved","Information_Security_Policy.md: ""## 3. Data Security and Encryption
* **Data at Rest:** All customer data stored in ApexCloud databases is encrypted using AES-256 encryption.
* **Data in Transit:** All data transmitted over public ne"" | 06_Infrastructure_Operations_Security.pdf (p.2): ""1.Cloud Infrastructure
NimbusGuard’s production environment is hosted entirely on Amazon Web Services (AWS).The Company
does not operate any on-premises data centers.AWS data centers are SOC 2 Type II"""
"services","The services used include Wiz, AWS Inspector, Burp Suite Enterprise, Semgrep, Snyk, Trivy, CrowdStrike Services, HackerOne, Splunk Enterprise Security, and Fluent Bit agents.","approved","06_Infrastructure_Operations_Security.pdf (p.3): ""Activity Tool Frequency SLA (Remediation)
Infrastructure scanning Wiz, AWS Inspector Continuous Critical: 24h, High: 7d, Med: 30d
Application DAST Burp Suite Enterprise Weekly Critical: 48h, High: 14d"" | data_management_policy.md: ""## 2. Hosting Environment
StrataFlow Enterprise production workloads are hosted exclusively on Amazon Web Services (AWS) within the `us-east-1` (Northern Virginia) and `us-west-2` (Oregon) regions. We"" | Application_Security_and_Vulnerability_Management.md: ""## 2. Vulnerability Management
* **Scanning:** Infrastructure and application vulnerability scans are conducted weekly using automated tooling.
* **Penetration Testing:** A certified third-party secur"""
"only up-to-date and approved protocols.","NIMBUSGUARD TECHNOLOGIES, INC. uses only up-to-date and approved protocols as indicated by the effective dates and approval status of its various security and compliance documents, including the Information Security Policy, Business Continuity and Disaster Recovery Plan, Security Incident Response Plan, and Infrastructure and Operations Security Policy.","approved","01_Information_Security_Policy.pdf (p.1): ""NIMBUSGUARD TECHNOLOGIES, INC.
Information Security Policy
Enterprise Governance, Risk & Compliance Framework
Document ID: NG-ISP-001 Version: 4.2
Effective Date: January 15, 2026 Owner: CISO – Dr. El"" | 03_Business_Continuity_DR_Plan.pdf (p.1): ""NIMBUSGUARD TECHNOLOGIES, INC.
Business Continuity and Disaster Recovery
Plan
Resilience, Recovery Objectives & Testing Procedures
Document ID: NG-BCP-003 Version: 3.1
Effective Date: January 20, 2026"" | 04_Incident_Response_Plan.pdf (p.1): ""NIMBUSGUARD TECHNOLOGIES, INC.
Security Incident Response Plan
Detection, Triage, Containment, Recovery & Lessons Learned
Document ID: NG-IRP-004 Version: 5.0
Effective Date: January 25, 2026 Owner: V"" | 06_Infrastructure_Operations_Security.pdf (p.1): ""NIMBUSGUARD TECHNOLOGIES, INC.
Infrastructure and Operations Security Policy
Cloud Architecture, Network Security, Change Management & Monitoring
Document ID: NG-INF-006 Version: 4.0
Effective Date: J"" | Information_Security_Policy.md: ""# ApexCloud Solutions: Information Security Policy (ISP)
**Document Version:** 2.1
**Last Updated:** January 15, 2026
**Confidentiality Level:** Internal / Under NDA"""
"I&S-09.1","The provided context does not contain enough information to answer the question I&S-09.1. The context appears to be related to security incident response plans and information security policies, but it does not provide specific details that would allow for a direct answer to the question.","approved","04_Incident_Response_Plan.pdf (p.1): ""NIMBUSGUARD TECHNOLOGIES, INC.
Security Incident Response Plan
Detection, Triage, Containment, Recovery & Lessons Learned
Document ID: NG-IRP-004 Version: 5.0
Effective Date: January 25, 2026 Owner: V"" | Information_Security_Policy.md: ""# ApexCloud Solutions: Information Security Policy (ISP)
**Document Version:** 2.1
**Last Updated:** January 15, 2026
**Confidentiality Level:** Internal / Under NDA"""
"and evaluated for protection","The context does not contain enough information to provide a detailed answer about what is being evaluated for protection.","approved","02_Data_Protection_Privacy_Policy.pdf (p.1): ""NIMBUSGUARD TECHNOLOGIES, INC.
Data Protection and Privacy Policy
Data Classification, Encryption, Retention & Privacy Controls
Document ID: NG-DPP-002 Version: 3.8
Effective Date: February 1, 2026 Ow"" | 09_Company_Overview_Security_Factsheet.pdf (p.1): ""NIMBUSGUARD TECHNOLOGIES, INC.
Company Overview and Security Fact Sheet
Quick Reference for Security Assessments and RFP Responses
Document ID: NG-OVR-009 Version: 2.0
Effective Date: February 20, 202"" | Application_Security_and_Vulnerability_Management.md: ""# ApexCloud Solutions: AppSec & TVM Policy
**Document Version:** 2.2
**Last Updated:** March 01, 2026
**Confidentiality Level:** Internal / Under NDA"""
"attacks?","The context does not provide information about specific attacks, but it does outline the company's incident response plan, which includes detection and monitoring capabilities, such as SIEM, EDR, CNAPP, NDR, WAF, and DLP, to identify and respond to potential security incidents.","approved","04_Incident_Response_Plan.pdf (p.2): ""1.Incident Classification
Severity Definition Response Time Notification
SEV-1 (Critical) Active data breach, complete service outage, ransomware, or compromise of authentication system	15 minutes CIS"" | 06_Infrastructure_Operations_Security.pdf (p.3): ""Activity Tool Frequency SLA (Remediation)
Infrastructure scanning Wiz, AWS Inspector Continuous Critical: 24h, High: 7d, Med: 30d
Application DAST Burp Suite Enterprise Weekly Critical: 48h, High: 14d"" | Incident_Response_Plan.md: ""## 2. Incident Response Phases
1.  **Preparation:** Maintaining tooling (SIEM, EDR), staff training, and this living document.
2.  **Identification:** Triaging alerts from monitoring tools. Any employ"""
"techniques for protection","The company uses various techniques for protection, including weekly infrastructure and application vulnerability scans using automated tooling, and annual independent penetration testing by a certified third-party security firm. Additionally, the company has a defined SLA for remediation, which includes patching critical vulnerabilities within 24 hours, high vulnerabilities within 7 days, medium vulnerabilities within 30 days, and evaluating and scheduling low vulnerabilities for upcoming sprints.","approved","02_Data_Protection_Privacy_Policy.pdf (p.1): ""NIMBUSGUARD TECHNOLOGIES, INC.
Data Protection and Privacy Policy
Data Classification, Encryption, Retention & Privacy Controls
Document ID: NG-DPP-002 Version: 3.8
Effective Date: February 1, 2026 Ow"" | Application_Security_and_Vulnerability_Management.md: ""## 2. Vulnerability Management
* **Scanning:** Infrastructure and application vulnerability scans are conducted weekly using automated tooling.
* **Penetration Testing:** A certified third-party secur"""
"LOG-01.1","Centralized logging is mandatory for all production systems, with logs shipped to Splunk Enterprise Security via Fluent Bit agents, including sources such as application logs, API access logs, and AWS CloudTrail events. Logs are retained for a minimum of 13 months in hot storage and 7 years in cold storage, and are immutable after ingestion.","approved","04_Incident_Response_Plan.pdf (p.1): ""NIMBUSGUARD TECHNOLOGIES, INC.
Security Incident Response Plan
Detection, Triage, Containment, Recovery & Lessons Learned
Document ID: NG-IRP-004 Version: 5.0
Effective Date: January 25, 2026 Owner: V"" | 06_Infrastructure_Operations_Security.pdf (p.3): ""Activity Tool Frequency SLA (Remediation)
Infrastructure scanning Wiz, AWS Inspector Continuous Critical: 24h, High: 7d, Med: 30d
Application DAST Burp Suite Enterprise Weekly Critical: 48h, High: 14d"" | 03_Business_Continuity_DR_Plan.pdf (p.1): ""NIMBUSGUARD TECHNOLOGIES, INC.
Business Continuity and Disaster Recovery
Plan
Resilience, Recovery Objectives & Testing Procedures
Document ID: NG-BCP-003 Version: 3.1
Effective Date: January 20, 2026"""
"approved","Yes, the Identity and Access Management Policy is approved.","approved","Application_Security_and_Vulnerability_Management.md: ""# ApexCloud Solutions: AppSec & TVM Policy
**Document Version:** 2.2
**Last Updated:** March 01, 2026
**Confidentiality Level:** Internal / Under NDA"" | 07_Identity_Access_Management_Policy.pdf (p.1): ""NIMBUSGUARD TECHNOLOGIES, INC.
Identity and Access Management Policy
Authentication, Authorization, Privileged Access & SSO Controls
Document ID: NG-IAM-007 Version: 3.5
Effective Date: February 10, 2"""
"policies and procedures for logging and monitoring. Review and update the policies","The organization has a centralized logging policy in place, where logs are shipped to Splunk Enterprise Security via Fluent Bit agents. Log sources include application logs, API access logs, AWS CloudTrail, VPC Flow Logs, DNS query logs, Kubernetes audit logs, WAF logs, and authentication/authorization events. All logs are retained for a minimum of 13 months in hot storage and 7 years in cold storage. The organization also has over 850 correlation rules and machine learning models to power automated threat detection. To review and update the policies, the organization should consider the following: (1) review the current logging and monitoring policies to ensure they are up-to-date and aligned with industry best practices, (2) update the policies to reflect any changes in the organization's infrastructure, applications, or security requirements, and (3) ensure that the policies are properly implemented and enforced across the organization.","approved","04_Incident_Response_Plan.pdf (p.2): ""4.4 Recovery – Restore services from verified backups, validate system integrity, gradually re-enable
access with enhanced monitoring.4.5 Lessons Learned – Post-incident review (PIR) held within 5 bus"" | 06_Infrastructure_Operations_Security.pdf (p.3): ""Activity Tool Frequency SLA (Remediation)
Infrastructure scanning Wiz, AWS Inspector Continuous Critical: 24h, High: 7d, Med: 30d
Application DAST Burp Suite Enterprise Weekly Critical: 48h, High: 14d"" | Application_Security_and_Vulnerability_Management.md: ""## 3. Change Management
All changes to production infrastructure must be documented, approved by the Change Advisory Board (CAB) for high-risk changes, and include a documented rollback plan in case o"""
"and procedures at least annually","A certified third-party security firm conducts an independent penetration test at least annually.","approved","07_Identity_Access_Management_Policy.pdf (p.3): ""certificates issued by an internal PKI (HashiCorp Vault) and rotated every 24 hours. API keys are supported
as a secondary mechanism for machine-to-machine integrations and are scoped to specific IP r"" | 05_HR_Security_Policy.pdf (p.3): ""For internal role changes, a formal access review is triggered by the HRIS (Workday) and completed within
5 business days. The principle of least privilege is reapplied: previous role access is remove"" | Application_Security_and_Vulnerability_Management.md: ""## 2. Vulnerability Management
* **Scanning:** Infrastructure and application vulnerability scans are conducted weekly using automated tooling.
* **Penetration Testing:** A certified third-party secur"""
"LOG-01.2","Centralized logging is mandatory for all production systems, with logs shipped to Splunk Enterprise Security via Fluent Bit agents, and retained for a minimum of 13 months in hot storage and 7 years in cold storage (S3 Glacier).","approved","04_Incident_Response_Plan.pdf (p.1): ""NIMBUSGUARD TECHNOLOGIES, INC.
Security Incident Response Plan
Detection, Triage, Containment, Recovery & Lessons Learned
Document ID: NG-IRP-004 Version: 5.0
Effective Date: January 25, 2026 Owner: V"" | 06_Infrastructure_Operations_Security.pdf (p.3): ""Activity Tool Frequency SLA (Remediation)
Infrastructure scanning Wiz, AWS Inspector Continuous Critical: 24h, High: 7d, Med: 30d
Application DAST Burp Suite Enterprise Weekly Critical: 48h, High: 14d"""
"LOG-04.1","Centralized logging is mandatory for all production systems, with logs shipped to Splunk Enterprise Security via Fluent Bit agents, including sources such as application logs, API access logs, and AWS CloudTrail, with a retention period of at least 13 months in hot storage and 7 years in cold storage.","approved","04_Incident_Response_Plan.pdf (p.2): ""4.4 Recovery – Restore services from verified backups, validate system integrity, gradually re-enable
access with enhanced monitoring.4.5 Lessons Learned – Post-incident review (PIR) held within 5 bus"" | 06_Infrastructure_Operations_Security.pdf (p.3): ""Activity Tool Frequency SLA (Remediation)
Infrastructure scanning Wiz, AWS Inspector Continuous Critical: 24h, High: 7d, Med: 30d
Application DAST Burp Suite Enterprise Weekly Critical: 48h, High: 14d"""
"LOG-05.1","Centralized logging is mandatory for all production systems, with logs shipped to Splunk Enterprise Security via Fluent Bit agents, including sources such as application logs, API access logs, AWS CloudTrail, VPC Flow Logs, DNS query logs, Kubernetes audit logs, WAF logs, and authentication/authorization events. Logs are retained for a minimum of 13 months in hot storage and 7 years in cold storage, and are immutable after ingestion.","approved","04_Incident_Response_Plan.pdf (p.2): ""4.4 Recovery – Restore services from verified backups, validate system integrity, gradually re-enable
access with enhanced monitoring.4.5 Lessons Learned – Post-incident review (PIR) held within 5 bus"" | 06_Infrastructure_Operations_Security.pdf (p.3): ""Activity Tool Frequency SLA (Remediation)
Infrastructure scanning Wiz, AWS Inspector Continuous Critical: 24h, High: 7d, Med: 30d
Application DAST Burp Suite Enterprise Weekly Critical: 48h, High: 14d"""
"detection of suspicious or anomalous activity that deviates from typical or expected patterns?","The detection of suspicious or anomalous activity that deviates from typical or expected patterns is primarily handled through the combination of various security tools and systems, including SIEM (Splunk Enterprise Security), EDR (CrowdStrike Falcon), CNAPP (Wiz), NDR (Darktrace), and WAF (AWS WAF), as well as through logging and monitoring practices that utilize over 850 correlation rules and machine learning models to power automated threat detection.","approved","04_Incident_Response_Plan.pdf (p.2): ""1.Incident Classification
Severity Definition Response Time Notification
SEV-1 (Critical) Active data breach, complete service outage, ransomware, or compromise of authentication system	15 minutes CIS"" | 06_Infrastructure_Operations_Security.pdf (p.3): ""Activity Tool Frequency SLA (Remediation)
Infrastructure scanning Wiz, AWS Inspector Continuous Critical: 24h, High: 7d, Med: 30d
Application DAST Burp Suite Enterprise Weekly Critical: 48h, High: 14d"" | Incident_Response_Plan.md: ""## 1. Scope
This document defines the process for detecting, analyzing, responding to, and recovering from cybersecurity incidents affecting ApexCloud systems."""
"detection of suspicious or anomalous activity that deviates from typical or expected","NimbusGuard operates a 24/7 Security Operations Center (SOC) staffed by a combination of internal analysts and a managed detection service. Detection capabilities include SIEM, EDR, CNAPP, NDR, WAF, and DLP to identify suspicious or anomalous activity that deviates from typical or expected behavior.","approved","04_Incident_Response_Plan.pdf (p.2): ""1.Incident Classification
Severity Definition Response Time Notification
SEV-1 (Critical) Active data breach, complete service outage, ransomware, or compromise of authentication system	15 minutes CIS"" | Incident_Response_Plan.md: ""## 1. Scope
This document defines the process for detecting, analyzing, responding to, and recovering from cybersecurity incidents affecting ApexCloud systems."""
"patterns. Establish and follow a defined process to review and take appropriate and timely","The organization follows a defined process to review and take appropriate and timely action on vulnerabilities through weekly vulnerability scans and annual penetration testing. A remediation SLA is in place, with critical vulnerabilities patched within 24 hours, high within 7 days, medium within 30 days, and low evaluated and scheduled for upcoming sprints.","approved","04_Incident_Response_Plan.pdf (p.2): ""4.4 Recovery – Restore services from verified backups, validate system integrity, gradually re-enable
access with enhanced monitoring.4.5 Lessons Learned – Post-incident review (PIR) held within 5 bus"" | Application_Security_and_Vulnerability_Management.md: ""## 2. Vulnerability Management
* **Scanning:** Infrastructure and application vulnerability scans are conducted weekly using automated tooling.
* **Penetration Testing:** A certified third-party secur"""
"actions on detected anomalies.","The actions on detected anomalies include immediate containment to limit the blast radius, such as isolating affected systems, revoking compromised credentials, and blocking malicious IPs/domains. Following containment, the eradication phase involves removing the root cause, including patching vulnerabilities, removing malware, resetting affected accounts, and rebuilding compromised systems from known-good images. Lastly, the recovery phase focuses on restoring services from verified backups, validating system integrity, and gradually re-enabling access with enhanced monitoring.","approved","04_Incident_Response_Plan.pdf (p.2): ""1.Incident Classification
Severity Definition Response Time Notification
SEV-1 (Critical) Active data breach, complete service outage, ransomware, or compromise of authentication system	15 minutes CIS"" | Incident_Response_Plan.md: ""## 2. Incident Response Phases
1.  **Preparation:** Maintaining tooling (SIEM, EDR), staff training, and this living document.
2.  **Identification:** Triaging alerts from monitoring tools. Any employ"""
"LOG-05.2","Logs are shipped to Splunk Enterprise Security via Fluent Bit agents and are retained for a minimum of 13 months in hot storage and 7 years in cold storage (S3 Glacier). Logs are immutable after ingestion (write-once, read-many).","approved","04_Incident_Response_Plan.pdf (p.2): ""4.4 Recovery – Restore services from verified backups, validate system integrity, gradually re-enable
access with enhanced monitoring.4.5 Lessons Learned – Post-incident review (PIR) held within 5 bus"" | 06_Infrastructure_Operations_Security.pdf (p.3): ""Activity Tool Frequency SLA (Remediation)
Infrastructure scanning Wiz, AWS Inspector Continuous Critical: 24h, High: 7d, Med: 30d
Application DAST Burp Suite Enterprise Weekly Critical: 48h, High: 14d"""
"actions on detected anomalies?","Immediate actions to limit blast radius include isolating affected systems, revoking compromised credentials, and blocking malicious IPs/domains. The incident response team follows a structured approach, including containment, eradication, and recovery phases, to address detected anomalies and security incidents.","approved","04_Incident_Response_Plan.pdf (p.2): ""1.Incident Classification
Severity Definition Response Time Notification
SEV-1 (Critical) Active data breach, complete service outage, ransomware, or compromise of authentication system	15 minutes CIS"" | 06_Infrastructure_Operations_Security.pdf (p.3): ""Activity Tool Frequency SLA (Remediation)
Infrastructure scanning Wiz, AWS Inspector Continuous Critical: 24h, High: 7d, Med: 30d
Application DAST Burp Suite Enterprise Weekly Critical: 48h, High: 14d"" | Incident_Response_Plan.md: ""## 2. Incident Response Phases
1.  **Preparation:** Maintaining tooling (SIEM, EDR), staff training, and this living document.
2.  **Identification:** Triaging alerts from monitoring tools. Any employ"""
"LOG-08.1","Centralized logging is mandatory for all production systems, with logs shipped to Splunk Enterprise Security via Fluent Bit agents. Logs are retained for a minimum of 13 months in hot storage and 7 years in cold storage, and are immutable after ingestion.","approved","04_Incident_Response_Plan.pdf (p.1): ""NIMBUSGUARD TECHNOLOGIES, INC.
Security Incident Response Plan
Detection, Triage, Containment, Recovery & Lessons Learned
Document ID: NG-IRP-004 Version: 5.0
Effective Date: January 25, 2026 Owner: V"" | 06_Infrastructure_Operations_Security.pdf (p.3): ""Activity Tool Frequency SLA (Remediation)
Infrastructure scanning Wiz, AWS Inspector Continuous Critical: 24h, High: 7d, Med: 30d
Application DAST Burp Suite Enterprise Weekly Critical: 48h, High: 14d"""
"detect and scrub or tokenize sensitive data from logs","The system has a centralized logging mechanism that ships logs to Splunk Enterprise Security via Fluent Bit agents. Logs are retained for a minimum of 13 months in hot storage and 7 years in cold storage. However, the provided context does not explicitly mention the detection and scrubbing or tokenization of sensitive data from logs. It does mention that all data access is logged with tenant ID, user ID, resource accessed, and action performed, and logs are immutable and stored in a write-once audit partition. Additionally, the system classifies data into four tiers and applies encryption standards for data at rest and in transit.","approved","06_Infrastructure_Operations_Security.pdf (p.3): ""Activity Tool Frequency SLA (Remediation)
Infrastructure scanning Wiz, AWS Inspector Continuous Critical: 24h, High: 7d, Med: 30d
Application DAST Burp Suite Enterprise Weekly Critical: 48h, High: 14d"" | 02_Data_Protection_Privacy_Policy.pdf (p.3): ""• Encryption layer: Enterprise customers receive dedicated KMS keys ensuring cryptographic
separation of data.• Audit layer: All data access is logged with tenant ID, user ID, resource accessed, and a"""
"exposure as per applicable laws and regulations?","The context does not provide specific information about exposure as per applicable laws and regulations. However, it mentions various policies such as Data Protection and Privacy Policy, Human Resources Security Policy, and Vendor and Supply Chain Management Policy, which may imply that the company has measures in place to manage exposure and comply with relevant laws and regulations.","approved","02_Data_Protection_Privacy_Policy.pdf (p.1): ""NIMBUSGUARD TECHNOLOGIES, INC.
Data Protection and Privacy Policy
Data Classification, Encryption, Retention & Privacy Controls
Document ID: NG-DPP-002 Version: 3.8
Effective Date: February 1, 2026 Ow"" | 05_HR_Security_Policy.pdf (p.1): ""NIMBUSGUARD TECHNOLOGIES, INC.
Human Resources Security Policy
Pre-employment, Awareness Training, Termination & Code of Conduct
Document ID: NG-HRS-005 Version: 2.6
Effective Date: February 5, 2026 O"" | 08_Vendor_Supply_Chain_Management.pdf (p.1): ""NIMBUSGUARD TECHNOLOGIES, INC.
Vendor and Supply Chain Management
Policy
Third-Party Risk Assessment, Monitoring & Sub-Processor Controls
Document ID: NG-VSM-008 Version: 2.3
Effective Date: February """
"sensitive data from logs to prevent unauthorized exposure","NimbusGuard classifies all data into four tiers and logs are stored with a level label of 3 as 'Confidential Business-sensitive; internal use only' which includes audit logs. Logs are immutable and stored in a write-once audit partition. Additionally, all data at rest is encrypted using AES-256-GCM and encryption keys are managed through AWS KMS with controls such as master keys stored in FIPS 140-2 Level 3 validated HSMs and key access logged to CloudTrail and monitored by the SOC.","approved","02_Data_Protection_Privacy_Policy.pdf (p.3): ""• Encryption layer: Enterprise customers receive dedicated KMS keys ensuring cryptographic
separation of data.• Audit layer: All data access is logged with tenant ID, user ID, resource accessed, and a"" | 06_Infrastructure_Operations_Security.pdf (p.3): ""Activity Tool Frequency SLA (Remediation)
Infrastructure scanning Wiz, AWS Inspector Continuous Critical: 24h, High: 7d, Med: 30d
Application DAST Burp Suite Enterprise Weekly Critical: 48h, High: 14d"""
"SEF-03.1","The provided context does not contain enough information to answer the question SEF-03.1. The context appears to be related to information security policies and company overviews, but it does not provide specific details about SEF-03.1.","approved","01_Information_Security_Policy.pdf (p.1): ""NIMBUSGUARD TECHNOLOGIES, INC.
Information Security Policy
Enterprise Governance, Risk & Compliance Framework
Document ID: NG-ISP-001 Version: 4.2
Effective Date: January 15, 2026 Owner: CISO – Dr. El"" | 09_Company_Overview_Security_Factsheet.pdf (p.1): ""NIMBUSGUARD TECHNOLOGIES, INC.
Company Overview and Security Fact Sheet
Quick Reference for Security Assessments and RFP Responses
Document ID: NG-OVR-009 Version: 2.0
Effective Date: February 20, 202"" | information_security_policy.md: ""# StrataFlow Enterprise: Information Security Policy
**Effective Date:** January 1, 2026
**Version:** 3.2"""
"relevant internal departments","HR and Computer Security Incident Response Team (CSIRT)","approved","05_HR_Security_Policy.pdf (p.3): ""For internal role changes, a formal access review is triggered by the HRIS (Workday) and completed within
5 business days. The principle of least privilege is reapplied: previous role access is remove"" | Incident_Response_Plan.md: ""## 3. Notification and Communication
* **Internal:** The Computer Security Incident Response Team (CSIRT) is notified immediately upon confirmation of a high-severity incident.
* **External/Customers:"""
"relationships (such as supply-chain) established","NimbusGuard Technologies, Inc. has established relationships with third-party vendors and subcontractors as part of its supply chain management. The company has implemented a vendor and supply chain management policy that includes third-party risk assessment, monitoring, and sub-processor controls. Specifically, NimbusGuard secures its software supply chain through measures such as generating a Software Bill of Materials (SBOM) for every release, scanning third-party dependencies for known vulnerabilities, and enforcing open source license compliance.","approved","08_Vendor_Supply_Chain_Management.pdf (p.3): ""Conduct; and subcontractor approval requirements.
5. Software Supply Chain Security
NimbusGuard secures its software supply chain through:
• Software Bill of Materials (SBOM) generated for every relea"" | Business_Continuity_and_Disaster_Recovery.md: ""## 4. Continuity of Operations
In the event of a localized facility disaster (e.g., corporate office outage), all ApexCloud employees are equipped and authorized to work securely from remote locations"""
"incident response plan","The incident response plan consists of 6 phases: Preparation, Identification, Containment, Eradication, Recovery, and Lessons Learned. These phases outline the steps to be taken in the event of a security incident, from initial preparation and identification to containment, eradication, recovery, and post-incident review.","approved","Incident_Response_Plan.md: ""# ApexCloud Solutions: Incident Response Plan (IRP)
**Document Version:** 1.5
**Last Updated:** November 10, 2025
**Confidentiality Level:** Internal / Under NDA"""
"for notifying relevant internal departments","The Computer Security Incident Response Team (CSIRT) is notified immediately upon confirmation of a high-severity incident.","approved","Incident_Response_Plan.md: ""## 3. Notification and Communication
* **Internal:** The Computer Security Incident Response Team (CSIRT) is notified immediately upon confirmation of a high-severity incident.
* **External/Customers:"" | 05_HR_Security_Policy.pdf (p.3): ""For internal role changes, a formal access review is triggered by the HRIS (Workday) and completed within
5 business days. The principle of least privilege is reapplied: previous role access is remove"""
"critical relationships (such as supply-chain) that may be impacted.","NimbusGuard has implemented various measures to secure its software supply chain, including generating a Software Bill of Materials (SBOM) for every release, scanning third-party dependencies for known vulnerabilities, and enforcing open source license compliance. The company also has a Vendor and Supply Chain Management Policy in place, which includes third-party risk assessment, monitoring, and sub-processor controls.","approved","08_Vendor_Supply_Chain_Management.pdf (p.3): ""Conduct; and subcontractor approval requirements.
5. Software Supply Chain Security
NimbusGuard secures its software supply chain through:
• Software Bill of Materials (SBOM) generated for every relea"" | Application_Security_and_Vulnerability_Management.md: ""## 3. Change Management
All changes to production infrastructure must be documented, approved by the Change Advisory Board (CAB) for high-risk changes, and include a documented rollback plan in case o"""
"SEF-04.1","The provided context does not contain enough information to answer the question SEF-04.1. The context appears to be related to the company's security policies and incident response plan, but it does not provide specific details about SEF-04.1.","approved","01_Information_Security_Policy.pdf (p.1): ""NIMBUSGUARD TECHNOLOGIES, INC.
Information Security Policy
Enterprise Governance, Risk & Compliance Framework
Document ID: NG-ISP-001 Version: 4.2
Effective Date: January 15, 2026 Owner: CISO – Dr. El"" | 09_Company_Overview_Security_Factsheet.pdf (p.1): ""NIMBUSGUARD TECHNOLOGIES, INC.
Company Overview and Security Fact Sheet
Quick Reference for Security Assessments and RFP Responses
Document ID: NG-OVR-009 Version: 2.0
Effective Date: February 20, 202"" | 04_Incident_Response_Plan.pdf (p.1): ""NIMBUSGUARD TECHNOLOGIES, INC.
Security Incident Response Plan
Detection, Triage, Containment, Recovery & Lessons Learned
Document ID: NG-IRP-004 Version: 5.0
Effective Date: January 25, 2026 Owner: V"""
"intervals or upon significant changes.","Backups are taken at specific intervals: full database backups are taken daily and incremental backups are taken hourly. Additionally, the system has a Change Advisory Board that meets weekly to review high-risk changes, and access reviews are performed at various intervals, including quarterly, monthly, and semi-annually.","approved","06_Infrastructure_Operations_Security.pdf (p.2): ""Changes are deployed to
staging first, soaked for 24 hours, then promoted to production.• Change Advisory Board: High-risk changes (database schema, auth system, encryption) require
CAB approval.CAB m"" | 07_Identity_Access_Management_Policy.pdf (p.3): ""certificates issued by an internal PKI (HashiCorp Vault) and rotated every 24 hours. API keys are supported
as a secondary mechanism for machine-to-machine integrations and are scoped to specific IP r"" | Business_Continuity_and_Disaster_Recovery.md: ""## 3. Backups
* **Frequency:** Full database backups are taken daily. Incremental backups are taken hourly.
* **Storage:** Backups are stored in an isolated, immutable storage bucket in a geographical"""
"SEF-07.1","The information provided does not contain a specific question labeled as SEF-07.1, but based on the context, it seems like the question might be related to the company's security policies, incident response plan, or security measures. However, without the actual question, it's challenging to provide a precise answer.","approved","01_Information_Security_Policy.pdf (p.1): ""NIMBUSGUARD TECHNOLOGIES, INC.
Information Security Policy
Enterprise Governance, Risk & Compliance Framework
Document ID: NG-ISP-001 Version: 4.2
Effective Date: January 15, 2026 Owner: CISO – Dr. El"" | 04_Incident_Response_Plan.pdf (p.2): ""1.Incident Classification
Severity Definition Response Time Notification
SEV-1 (Critical) Active data breach, complete service outage, ransomware, or compromise of authentication system	15 minutes CIS"" | 09_Company_Overview_Security_Factsheet.pdf (p.1): ""NIMBUSGUARD TECHNOLOGIES, INC.
Company Overview and Security Fact Sheet
Quick Reference for Security Assessments and RFP Responses
Document ID: NG-OVR-009 Version: 2.0
Effective Date: February 20, 202"""
"timely and effective response to security incidents in accordance with incident categories and severity levels?","The organization has a comprehensive incident response plan in place, which includes incident classification, incident response team, detection and monitoring, and response phases. The plan ensures timely and effective response to security incidents in accordance with incident categories and severity levels. For example, SEV-1 incidents have a 15-minute response time, while SEV-4 incidents have a 24-hour response time. The plan also includes a post-mortem review within 14 days of incident closure to improve future response.","approved","04_Incident_Response_Plan.pdf (p.2): ""1.Incident Classification
Severity Definition Response Time Notification
SEV-1 (Critical) Active data breach, complete service outage, ransomware, or compromise of authentication system	15 minutes CIS"" | Incident_Response_Plan.md: ""## 2. Incident Response Phases
1.  **Preparation:** Maintaining tooling (SIEM, EDR), staff training, and this living document.
2.  **Identification:** Triaging alerts from monitoring tools. Any employ"""
"effective response to security incidents in accordance with incident categories and severity","The organization has a structured incident response plan that categorizes incidents into four severity levels (SEV-1 to SEV-4) based on their impact. The plan ensures a timely and effective response to security incidents, with clearly defined roles and responsibilities within the Computer Security Incident Response Team (CSIRT). The response phases include identification, containment, eradication, recovery, and lessons learned, which are designed to mitigate the effects of security incidents and prevent future occurrences. The organization also operates a 24/7 Security Operations Center (SOC) with advanced detection capabilities, including SIEM, EDR, CNAPP, NDR, WAF, and DLP, to quickly identify and respond to security incidents.","approved","04_Incident_Response_Plan.pdf (p.2): ""1.Incident Classification
Severity Definition Response Time Notification
SEV-1 (Critical) Active data breach, complete service outage, ransomware, or compromise of authentication system	15 minutes CIS"" | Incident_Response_Plan.md: ""## 2. Incident Response Phases
1.  **Preparation:** Maintaining tooling (SIEM, EDR), staff training, and this living document.
2.  **Identification:** Triaging alerts from monitoring tools. Any employ"""
"levels. Review","There are multiple levels of review mentioned in the context, including code review, access reviews, and post-incident reviews. Code review is performed by at least one other engineer before code changes are merged into the main branch. Access reviews include user access certification, privileged access review, service account review, third-party access review, and orphaned account scan, each with different frequencies and owners. Post-incident reviews are held within 5 business days of an incident.","approved","04_Incident_Response_Plan.pdf (p.2): ""4.4 Recovery – Restore services from verified backups, validate system integrity, gradually re-enable
access with enhanced monitoring.4.5 Lessons Learned – Post-incident review (PIR) held within 5 bus"" | 07_Identity_Access_Management_Policy.pdf (p.3): ""certificates issued by an internal PKI (HashiCorp Vault) and rotated every 24 hours. API keys are supported
as a secondary mechanism for machine-to-machine integrations and are scoped to specific IP r"" | Application_Security_and_Vulnerability_Management.md: ""## 1. Secure Software Development Life Cycle (SDLC)
* **Code Review:** All code changes must undergo a peer review by at least one other engineer before being merged into the main branch.
* **Testing:"""
"SEF-07.2","The provided context does not contain information related to SEF-07.2. The context includes information about the company's information security policy, company overview, and security fact sheet, as well as an incident response plan. However, it does not mention SEF-07.2 specifically.","approved","01_Information_Security_Policy.pdf (p.1): ""NIMBUSGUARD TECHNOLOGIES, INC.
Information Security Policy
Enterprise Governance, Risk & Compliance Framework
Document ID: NG-ISP-001 Version: 4.2
Effective Date: January 15, 2026 Owner: CISO – Dr. El"" | 09_Company_Overview_Security_Factsheet.pdf (p.1): ""NIMBUSGUARD TECHNOLOGIES, INC.
Company Overview and Security Fact Sheet
Quick Reference for Security Assessments and RFP Responses
Document ID: NG-OVR-009 Version: 2.0
Effective Date: February 20, 202"" | 04_Incident_Response_Plan.pdf (p.2): ""1.Incident Classification
Severity Definition Response Time Notification
SEV-1 (Critical) Active data breach, complete service outage, ransomware, or compromise of authentication system	15 minutes CIS"""
"SEF-08.1","The provided context does not contain enough information to answer the question SEF-08.1. The context appears to be related to information security policies, company overviews, and vendor supply chain management, but it does not provide specific details about SEF-08.1.","approved","01_Information_Security_Policy.pdf (p.1): ""NIMBUSGUARD TECHNOLOGIES, INC.
Information Security Policy
Enterprise Governance, Risk & Compliance Framework
Document ID: NG-ISP-001 Version: 4.2
Effective Date: January 15, 2026 Owner: CISO – Dr. El"" | 09_Company_Overview_Security_Factsheet.pdf (p.1): ""NIMBUSGUARD TECHNOLOGIES, INC.
Company Overview and Security Fact Sheet
Quick Reference for Security Assessments and RFP Responses
Document ID: NG-OVR-009 Version: 2.0
Effective Date: February 20, 202"" | 08_Vendor_Supply_Chain_Management.pdf (p.1): ""NIMBUSGUARD TECHNOLOGIES, INC.
Vendor and Supply Chain Management
Policy
Third-Party Risk Assessment, Monitoring & Sub-Processor Controls
Document ID: NG-VSM-008 Version: 2.3
Effective Date: February """
"defined and implemented?","A Secure Software Development Life Cycle (SDLC) is defined and implemented, which includes code review, automated testing, and environment separation. However, the context does not provide information on the implementation details of the security baseline for information systems, data, and personnel as outlined in the Information Security Policy.","approved","Application_Security_and_Vulnerability_Management.md: ""## 1. Secure Software Development Life Cycle (SDLC)
* **Code Review:** All code changes must undergo a peer review by at least one other engineer before being merged into the main branch.
* **Testing:"" | Information_Security_Policy.md: ""## 1. Purpose
This policy outlines the security baseline for all ApexCloud Solutions information systems, data, and personnel to ensure the confidentiality, integrity, and availability of customer dat"""
"notifications. Report material security breaches including any relevant supply chain","In the event of a confirmed data breach involving customer or personal data, notifications will be made as follows: to the relevant supervisory authority within 72 hours; to affected data subjects without undue delay if the breach is likely to result in high risk to their rights and freedoms; to affected customers within 48 hours via the designated security contact; and to the Computer Security Incident Response Team (CSIRT) immediately upon confirmation of a high-severity incident. Additionally, reports will be filed with relevant US state attorneys general as required by applicable breach notification laws.","approved","Incident_Response_Plan.md: ""## 3. Notification and Communication
* **Internal:** The Computer Security Incident Response Team (CSIRT) is notified immediately upon confirmation of a high-severity incident.
* **External/Customers:"" | 04_Incident_Response_Plan.pdf (p.3): ""In the event of a confirmed data breach involving personal data, NimbusGuard will: notify the relevant
supervisory authority within 72 hours of becoming aware of the breach (per GDPR Article 33); noti"""
"breaches","In the event of a confirmed data breach involving personal data, NimbusGuard will notify the relevant supervisory authority within 72 hours of becoming aware of the breach, notify affected data subjects without undue delay where the breach is likely to result in high risk to their rights and freedoms, notify affected customers contractually within 48 hours via the designated security contact, and file reports with relevant US state attorneys general as required by applicable breach notification laws.","approved","04_Incident_Response_Plan.pdf (p.3): ""In the event of a confirmed data breach involving personal data, NimbusGuard will: notify the relevant
supervisory authority within 72 hours of becoming aware of the breach (per GDPR Article 33); noti"" | Incident_Response_Plan.md: ""## 3. Notification and Communication
* **Internal:** The Computer Security Incident Response Team (CSIRT) is notified immediately upon confirmation of a high-severity incident.
* **External/Customers:"""
"SEF-08.2","The provided context does not contain enough information to answer the question SEF-08.2. The context appears to be related to information security policies and company overviews, but it does not provide specific details about SEF-08.2.","approved","01_Information_Security_Policy.pdf (p.1): ""NIMBUSGUARD TECHNOLOGIES, INC.
Information Security Policy
Enterprise Governance, Risk & Compliance Framework
Document ID: NG-ISP-001 Version: 4.2
Effective Date: January 15, 2026 Owner: CISO – Dr. El"" | 09_Company_Overview_Security_Factsheet.pdf (p.1): ""NIMBUSGUARD TECHNOLOGIES, INC.
Company Overview and Security Fact Sheet
Quick Reference for Security Assessments and RFP Responses
Document ID: NG-OVR-009 Version: 2.0
Effective Date: February 20, 202"" | 08_Vendor_Supply_Chain_Management.pdf (p.1): ""NIMBUSGUARD TECHNOLOGIES, INC.
Vendor and Supply Chain Management
Policy
Third-Party Risk Assessment, Monitoring & Sub-Processor Controls
Document ID: NG-VSM-008 Version: 2.3
Effective Date: February """
"as per applicable SLAs","The applicable SLAs for remediation are: Critical (24 hours), High (7 days), Medium (30 days), and Low (evaluated and scheduled for upcoming sprint).","approved","06_Infrastructure_Operations_Security.pdf (p.3): ""Activity Tool Frequency SLA (Remediation)
Infrastructure scanning Wiz, AWS Inspector Continuous Critical: 24h, High: 7d, Med: 30d
Application DAST Burp Suite Enterprise Weekly Critical: 48h, High: 14d"" | 08_Vendor_Supply_Chain_Management.pdf (p.2): ""1. Third-Party Risk Assessment
All vendors and service providers that access, process, store, or transmit NimbusGuard data or connect to
NimbusGuard systems must undergo a security risk assessment pri"" | Application_Security_and_Vulnerability_Management.md: ""## 2. Vulnerability Management
* **Scanning:** Infrastructure and application vulnerability scans are conducted weekly using automated tooling.
* **Penetration Testing:** A certified third-party secur"""
"STA-01.1","The provided context does not contain enough information to answer the question STA-01.1. The context appears to be related to information security policies, but it does not provide any specific details about the question.","approved","information_security_policy.md: ""# StrataFlow Enterprise: Information Security Policy
**Effective Date:** January 1, 2026
**Version:** 3.2"" | 01_Information_Security_Policy.pdf (p.1): ""NIMBUSGUARD TECHNOLOGIES, INC.
Information Security Policy
Enterprise Governance, Risk & Compliance Framework
Document ID: NG-ISP-001 Version: 4.2
Effective Date: January 15, 2026 Owner: CISO – Dr. El"""
"communicated","In the event of a confirmed data breach involving customer data, ApexCloud will notify affected customers within 48 hours of verification without undue delay. Additionally, the Computer Security Incident Response Team (CSIRT) is notified immediately upon confirmation of a high-severity incident.","approved","Incident_Response_Plan.md: ""## 3. Notification and Communication
* **Internal:** The Computer Security Incident Response Team (CSIRT) is notified immediately upon confirmation of a high-severity incident.
* **External/Customers:"" | Application_Security_and_Vulnerability_Management.md: ""# ApexCloud Solutions: AppSec & TVM Policy
**Document Version:** 2.2
**Last Updated:** March 01, 2026
**Confidentiality Level:** Internal / Under NDA"""
"policies and procedures for supply chain risk management. Review and update the policies","NIMBUSGUARD TECHNOLOGIES, INC. has a Vendor and Supply Chain Management Policy (Document ID: NG-VSM-008) that outlines Third-Party Risk Assessment, Monitoring & Sub-Processor Controls. The policy is owned by the General Counsel – Rachel Torres and is classified as Internal – Confidential. The policy is subject to review and updates, with the current version being 2.3, effective as of February 15, 2026. Additionally, the company has a change management process in place that requires documentation, approval by the Change Advisory Board (CAB) for high-risk changes, and a documented rollback plan for changes to production infrastructure.","approved","08_Vendor_Supply_Chain_Management.pdf (p.1): ""NIMBUSGUARD TECHNOLOGIES, INC.
Vendor and Supply Chain Management
Policy
Third-Party Risk Assessment, Monitoring & Sub-Processor Controls
Document ID: NG-VSM-008 Version: 2.3
Effective Date: February "" | Application_Security_and_Vulnerability_Management.md: ""## 3. Change Management
All changes to production infrastructure must be documented, approved by the Change Advisory Board (CAB) for high-risk changes, and include a documented rollback plan in case o"""
"and procedures at least annually","A certified third-party security firm conducts an independent penetration test at least annually.","approved","07_Identity_Access_Management_Policy.pdf (p.3): ""certificates issued by an internal PKI (HashiCorp Vault) and rotated every 24 hours. API keys are supported
as a secondary mechanism for machine-to-machine integrations and are scoped to specific IP r"" | 05_HR_Security_Policy.pdf (p.3): ""For internal role changes, a formal access review is triggered by the HRIS (Workday) and completed within
5 business days. The principle of least privilege is reapplied: previous role access is remove"" | Application_Security_and_Vulnerability_Management.md: ""## 2. Vulnerability Management
* **Scanning:** Infrastructure and application vulnerability scans are conducted weekly using automated tooling.
* **Penetration Testing:** A certified third-party secur"""
"STA-01.2","The provided context does not contain enough information to answer the question STA-01.2.","approved","information_security_policy.md: ""# StrataFlow Enterprise: Information Security Policy
**Effective Date:** January 1, 2026
**Version:** 3.2"" | data_management_policy.md: ""# StrataFlow Enterprise: Data Management and Encryption Policy
**Effective Date:** November 10, 2025
**Version:** 4.0"""
"at least annually","Security awareness training is required for all personnel upon hire and annually thereafter.","approved","07_Identity_Access_Management_Policy.pdf (p.3): ""certificates issued by an internal PKI (HashiCorp Vault) and rotated every 24 hours. API keys are supported
as a secondary mechanism for machine-to-machine integrations and are scoped to specific IP r"" | Information_Security_Policy.md: ""## 4. Human Resources Security
* **Background Checks:** All employees and contractors must undergo standard criminal background checks prior to employment.
* **Security Training:** All personnel must """
"STA-03.1","The context does not contain enough information to answer the question STA-03.1. The provided chunks are related to vendor and supply chain management policy and information security policy, but they do not provide any specific details about STA-03.1.","approved","08_Vendor_Supply_Chain_Management.pdf (p.1): ""NIMBUSGUARD TECHNOLOGIES, INC.
Vendor and Supply Chain Management
Policy
Third-Party Risk Assessment, Monitoring & Sub-Processor Controls
Document ID: NG-VSM-008 Version: 2.3
Effective Date: February "" | information_security_policy.md: ""# StrataFlow Enterprise: Information Security Policy
**Effective Date:** January 1, 2026
**Version:** 3.2"""
"chain?","The context provided does not contain enough information to answer the question about a 'chain'. The context primarily discusses change management, vulnerability management, and the Change Advisory Board (CAB) process, without mentioning anything related to a 'chain'.","approved","06_Infrastructure_Operations_Security.pdf (p.2): ""Changes are deployed to
staging first, soaked for 24 hours, then promoted to production.• Change Advisory Board: High-risk changes (database schema, auth system, encryption) require
CAB approval.CAB m"" | Application_Security_and_Vulnerability_Management.md: ""## 3. Change Management
All changes to production infrastructure must be documented, approved by the Change Advisory Board (CAB) for high-risk changes, and include a documented rollback plan in case o"""
"STA-05.1","The provided context does not contain enough information to answer the question STA-05.1. The context appears to be related to vendor supply chain management and application security policies, but it does not provide any specific details about STA-05.1.","approved","08_Vendor_Supply_Chain_Management.pdf (p.1): ""NIMBUSGUARD TECHNOLOGIES, INC.
Vendor and Supply Chain Management
Policy
Third-Party Risk Assessment, Monitoring & Sub-Processor Controls
Document ID: NG-VSM-008 Version: 2.3
Effective Date: February "" | Application_Security_and_Vulnerability_Management.md: ""# ApexCloud Solutions: AppSec & TVM Policy
**Document Version:** 2.2
**Last Updated:** March 01, 2026
**Confidentiality Level:** Internal / Under NDA"""
"according to the SSRM?","There is no information provided about SSRM in the given context chunks.","approved","04_Incident_Response_Plan.pdf (p.2): ""1.Incident Classification
Severity Definition Response Time Notification
SEV-1 (Critical) Active data breach, complete service outage, ransomware, or compromise of authentication system	15 minutes CIS"" | Incident_Response_Plan.md: ""# ApexCloud Solutions: Incident Response Plan (IRP)
**Document Version:** 1.5
**Last Updated:** November 10, 2025
**Confidentiality Level:** Internal / Under NDA"""
"STA-08.1","The provided context does not contain enough information to answer the question STA-08.1. The context appears to be related to vendor and supply chain management policy and information security policy, but it does not provide any specific details about STA-08.1.","approved","08_Vendor_Supply_Chain_Management.pdf (p.1): ""NIMBUSGUARD TECHNOLOGIES, INC.
Vendor and Supply Chain Management
Policy
Third-Party Risk Assessment, Monitoring & Sub-Processor Controls
Document ID: NG-VSM-008 Version: 2.3
Effective Date: February "" | information_security_policy.md: ""# StrataFlow Enterprise: Information Security Policy
**Effective Date:** January 1, 2026
**Version:** 3.2"""
"TVM-02.1","The provided context does not contain enough information to answer the question TVM-02.1.","approved","Application_Security_and_Vulnerability_Management.md: ""# ApexCloud Solutions: AppSec & TVM Policy
**Document Version:** 2.2
**Last Updated:** March 01, 2026
**Confidentiality Level:** Internal / Under NDA"" | 08_Vendor_Supply_Chain_Management.pdf (p.1): ""NIMBUSGUARD TECHNOLOGIES, INC.
Vendor and Supply Chain Management
Policy
Third-Party Risk Assessment, Monitoring & Sub-Processor Controls
Document ID: NG-VSM-008 Version: 2.3
Effective Date: February """
"established","The context does not provide enough information about what is being asked as 'established'. It seems to be related to the incident response plan and information security policy, but without more specific details, it's hard to give a precise answer.","approved","04_Incident_Response_Plan.pdf (p.2): ""4.4 Recovery – Restore services from verified backups, validate system integrity, gradually re-enable
access with enhanced monitoring.4.5 Lessons Learned – Post-incident review (PIR) held within 5 bus"" | information_security_policy.md: ""# StrataFlow Enterprise: Information Security Policy
**Effective Date:** January 1, 2026
**Version:** 3.2"""
"protect against malware and malicious instructions. Review and update the policies and procedures","The provided context does not contain specific information on protecting against malware and malicious instructions. However, it mentions the existence of an Infrastructure and Operations Security Policy (Document ID: NG-INF-006) and a Security Incident Response Plan (Document ID: NG-IRP-004), which may include policies and procedures for protecting against malware and malicious instructions. Review and update of these policies and procedures would be necessary to ensure they are effective and up-to-date.","approved","04_Incident_Response_Plan.pdf (p.2): ""4.4 Recovery – Restore services from verified backups, validate system integrity, gradually re-enable
access with enhanced monitoring.4.5 Lessons Learned – Post-incident review (PIR) held within 5 bus"" | 06_Infrastructure_Operations_Security.pdf (p.1): ""NIMBUSGUARD TECHNOLOGIES, INC.
Infrastructure and Operations Security Policy
Cloud Architecture, Network Security, Change Management & Monitoring
Document ID: NG-INF-006 Version: 4.0
Effective Date: J"""
"at least annually","Security awareness training is required for all personnel upon hire and annually thereafter.","approved","07_Identity_Access_Management_Policy.pdf (p.3): ""certificates issued by an internal PKI (HashiCorp Vault) and rotated every 24 hours. API keys are supported
as a secondary mechanism for machine-to-machine integrations and are scoped to specific IP r"" | Information_Security_Policy.md: ""## 4. Human Resources Security
* **Background Checks:** All employees and contractors must undergo standard criminal background checks prior to employment.
* **Security Training:** All personnel must """
"TVM-02.2","The provided context does not contain enough information to answer question TVM-02.2.","approved","Application_Security_and_Vulnerability_Management.md: ""# ApexCloud Solutions: AppSec & TVM Policy
**Document Version:** 2.2
**Last Updated:** March 01, 2026
**Confidentiality Level:** Internal / Under NDA"" | 08_Vendor_Supply_Chain_Management.pdf (p.1): ""NIMBUSGUARD TECHNOLOGIES, INC.
Vendor and Supply Chain Management
Policy
Third-Party Risk Assessment, Monitoring & Sub-Processor Controls
Document ID: NG-VSM-008 Version: 2.3
Effective Date: February """
"and updated at least annually","Penetration Testing is conducted at least annually by a certified third-party security firm.","approved","Application_Security_and_Vulnerability_Management.md: ""## 2. Vulnerability Management
* **Scanning:** Infrastructure and application vulnerability scans are conducted weekly using automated tooling.
* **Penetration Testing:** A certified third-party secur"" | 07_Identity_Access_Management_Policy.pdf (p.3): ""certificates issued by an internal PKI (HashiCorp Vault) and rotated every 24 hours. API keys are supported
as a secondary mechanism for machine-to-machine integrations and are scoped to specific IP r"""
"TVM-03.1","The provided context does not contain enough information to answer the question TVM-03.1.","approved","Application_Security_and_Vulnerability_Management.md: ""# ApexCloud Solutions: AppSec & TVM Policy
**Document Version:** 2.2
**Last Updated:** March 01, 2026
**Confidentiality Level:** Internal / Under NDA"" | 08_Vendor_Supply_Chain_Management.pdf (p.1): ""NIMBUSGUARD TECHNOLOGIES, INC.
Vendor and Supply Chain Management
Policy
Third-Party Risk Assessment, Monitoring & Sub-Processor Controls
Document ID: NG-VSM-008 Version: 2.3
Effective Date: February """
"vulnerability detection on organizationally managed assets at least monthly?","The organization conducts vulnerability scans on infrastructure and applications at least weekly, and in some cases continuously, using various automated tools such as Wiz, AWS Inspector, Burp Suite Enterprise, Semgrep, Snyk, and Trivy. This suggests that vulnerability detection on organizationally managed assets occurs more frequently than at least monthly.","approved","Application_Security_and_Vulnerability_Management.md: ""## 2. Vulnerability Management
* **Scanning:** Infrastructure and application vulnerability scans are conducted weekly using automated tooling.
* **Penetration Testing:** A certified third-party secur"" | 06_Infrastructure_Operations_Security.pdf (p.3): ""Activity Tool Frequency SLA (Remediation)
Infrastructure scanning Wiz, AWS Inspector Continuous Critical: 24h, High: 7d, Med: 30d
Application DAST Burp Suite Enterprise Weekly Critical: 48h, High: 14d"""
"vulnerabilities on organizationally managed assets at least monthly.","The organization conducts vulnerability scans on infrastructure and application at least weekly using automated tooling, and also performs other types of vulnerability assessments such as penetration testing, DAST, SAST, dependency scanning, and container image scanning with varying frequencies.","approved","Application_Security_and_Vulnerability_Management.md: ""## 2. Vulnerability Management
* **Scanning:** Infrastructure and application vulnerability scans are conducted weekly using automated tooling.
* **Penetration Testing:** A certified third-party secur"" | 06_Infrastructure_Operations_Security.pdf (p.3): ""Activity Tool Frequency SLA (Remediation)
Infrastructure scanning Wiz, AWS Inspector Continuous Critical: 24h, High: 7d, Med: 30d
Application DAST Burp Suite Enterprise Weekly Critical: 48h, High: 14d"""
"TVM-05.1","The provided context does not contain enough information to answer the question TVM-05.1.","approved","Application_Security_and_Vulnerability_Management.md: ""# ApexCloud Solutions: AppSec & TVM Policy
**Document Version:** 2.2
**Last Updated:** March 01, 2026
**Confidentiality Level:** Internal / Under NDA"" | 08_Vendor_Supply_Chain_Management.pdf (p.1): ""NIMBUSGUARD TECHNOLOGIES, INC.
Vendor and Supply Chain Management
Policy
Third-Party Risk Assessment, Monitoring & Sub-Processor Controls
Document ID: NG-VSM-008 Version: 2.3
Effective Date: February """
"evaluated to update detection tools","The organization uses various tools for vulnerability detection and management, including Wiz, AWS Inspector, Burp Suite Enterprise, Semgrep, Snyk, and Trivy. These tools are used for infrastructure scanning, application DAST, static analysis, dependency scanning, and container image scanning. The organization also conducts external penetration testing and has a bug bounty program. The tools and processes are regularly updated to ensure the detection of known and unknown vulnerabilities.","approved","06_Infrastructure_Operations_Security.pdf (p.3): ""Activity Tool Frequency SLA (Remediation)
Infrastructure scanning Wiz, AWS Inspector Continuous Critical: 24h, High: 7d, Med: 30d
Application DAST Burp Suite Enterprise Weekly Critical: 48h, High: 14d"" | Application_Security_and_Vulnerability_Management.md: ""## 2. Vulnerability Management
* **Scanning:** Infrastructure and application vulnerability scans are conducted weekly using automated tooling.
* **Penetration Testing:** A certified third-party secur"""
"weekly (or more frequent) basis?","Incremental backups are taken on an hourly basis, which is more frequent than weekly.","approved","Business_Continuity_and_Disaster_Recovery.md: ""## 3. Backups
* **Frequency:** Full database backups are taken daily. Incremental backups are taken hourly.
* **Storage:** Backups are stored in an isolated, immutable storage bucket in a geographical"" | 07_Identity_Access_Management_Policy.pdf (p.3): ""certificates issued by an internal PKI (HashiCorp Vault) and rotated every 24 hours. API keys are supported
as a secondary mechanism for machine-to-machine integrations and are scoped to specific IP r"""
"measures to update detection tools","The organization utilizes various tools for vulnerability scanning and penetration testing, including Wiz, AWS Inspector, Burp Suite Enterprise, Semgrep, Snyk, Trivy, and CrowdStrike Services. These tools are updated and utilized according to their specified frequencies, such as continuous, weekly, or annually, to ensure the detection of vulnerabilities and threats. Additionally, the organization has a bug bounty program through HackerOne, which provides continuous feedback on potential vulnerabilities.","approved","06_Infrastructure_Operations_Security.pdf (p.3): ""Activity Tool Frequency SLA (Remediation)
Infrastructure scanning Wiz, AWS Inspector Continuous Critical: 24h, High: 7d, Med: 30d
Application DAST Burp Suite Enterprise Weekly Critical: 48h, High: 14d"" | Application_Security_and_Vulnerability_Management.md: ""## 2. Vulnerability Management
* **Scanning:** Infrastructure and application vulnerability scans are conducted weekly using automated tooling.
* **Penetration Testing:** A certified third-party secur"""
"on a weekly","Infrastructure and application vulnerability scans are conducted weekly using automated tooling.","approved","Application_Security_and_Vulnerability_Management.md: ""## 2. Vulnerability Management
* **Scanning:** Infrastructure and application vulnerability scans are conducted weekly using automated tooling.
* **Penetration Testing:** A certified third-party secur"" | Business_Continuity_and_Disaster_Recovery.md: ""## 3. Backups
* **Frequency:** Full database backups are taken daily. Incremental backups are taken hourly.
* **Storage:** Backups are stored in an isolated, immutable storage bucket in a geographical"""
"TVM-08.1","The provided context does not contain enough information to answer the question TVM-08.1.","approved","Application_Security_and_Vulnerability_Management.md: ""# ApexCloud Solutions: AppSec & TVM Policy
**Document Version:** 2.2
**Last Updated:** March 01, 2026
**Confidentiality Level:** Internal / Under NDA"" | 08_Vendor_Supply_Chain_Management.pdf (p.1): ""NIMBUSGUARD TECHNOLOGIES, INC.
Vendor and Supply Chain Management
Policy
Third-Party Risk Assessment, Monitoring & Sub-Processor Controls
Document ID: NG-VSM-008 Version: 2.3
Effective Date: February """
"based on identified risks to support scheduled and emergency responses to vulnerability identification?","The organization has a comprehensive vulnerability management process in place, which includes weekly infrastructure and application vulnerability scans, annual independent penetration testing, and a defined SLA for remediation. The SLA for remediation includes patching critical vulnerabilities within 24 hours, high vulnerabilities within 7 days, medium vulnerabilities within 30 days, and evaluating and scheduling low vulnerabilities for upcoming sprints. Additionally, the organization has an incident response plan that classifies incidents into four severity levels (SEV-1 to SEV-4) and has a dedicated Computer Security Incident Response Team (CSIRT) with a guaranteed 15-minute response time for SEV-1 events. The organization also operates a 24/7 Security Operations Center (SOC) with advanced detection capabilities, including SIEM, EDR, CNAPP, NDR, WAF, and DLP. The response phases include identification, containment, eradication, and recovery, which support both scheduled and emergency responses to vulnerability identification.","approved","Application_Security_and_Vulnerability_Management.md: ""## 2. Vulnerability Management
* **Scanning:** Infrastructure and application vulnerability scans are conducted weekly using automated tooling.
* **Penetration Testing:** A certified third-party secur"" | 04_Incident_Response_Plan.pdf (p.2): ""1.Incident Classification
Severity Definition Response Time Notification
SEV-1 (Critical) Active data breach, complete service outage, ransomware, or compromise of authentication system	15 minutes CIS"""
"based on identified risks to support scheduled and emergency responses to","The incident response plan supports scheduled and emergency responses to identified risks through a structured approach, including incident classification, incident response team, detection and monitoring, and response phases. The plan ensures 24/7/365 coverage with a guaranteed 15-minute response time for SEV-1 events and outlines procedures for containment, eradication, recovery, and lessons learned.","approved","04_Incident_Response_Plan.pdf (p.2): ""1.Incident Classification
Severity Definition Response Time Notification
SEV-1 (Critical) Active data breach, complete service outage, ransomware, or compromise of authentication system	15 minutes CIS"" | Incident_Response_Plan.md: ""## 2. Incident Response Phases
1.  **Preparation:** Maintaining tooling (SIEM, EDR), staff training, and this living document.
2.  **Identification:** Triaging alerts from monitoring tools. Any employ"""
"vulnerability identification.","Vulnerability identification is conducted through weekly infrastructure and application vulnerability scans using automated tooling, as well as annual independent penetration tests by a certified third-party security firm.","approved","Application_Security_and_Vulnerability_Management.md: ""## 2. Vulnerability Management
* **Scanning:** Infrastructure and application vulnerability scans are conducted weekly using automated tooling.
* **Penetration Testing:** A certified third-party secur"" | 04_Incident_Response_Plan.pdf (p.2): ""4.4 Recovery – Restore services from verified backups, validate system integrity, gradually re-enable
access with enhanced monitoring.4.5 Lessons Learned – Post-incident review (PIR) held within 5 bus"""
"TVM-10.1","The provided context does not contain enough information to answer question TVM-10.1. The context appears to be related to application security and vulnerability management, but it does not provide specific details about TVM-10.1.","approved","Application_Security_and_Vulnerability_Management.md: ""# ApexCloud Solutions: AppSec & TVM Policy
**Document Version:** 2.2
**Last Updated:** March 01, 2026
**Confidentiality Level:** Internal / Under NDA"" | 06_Infrastructure_Operations_Security.pdf (p.3): ""Activity Tool Frequency SLA (Remediation)
Infrastructure scanning Wiz, AWS Inspector Continuous Critical: 24h, High: 7d, Med: 30d
Application DAST Burp Suite Enterprise Weekly Critical: 48h, High: 14d"""
"an industry-recognized framework to guide threat decision-making and protection measures?","NimbusGuard Technologies, Inc. utilizes a combination of industry-recognized frameworks and tools to guide threat decision-making and protection measures, including Splunk Enterprise Security, CrowdStrike Falcon, Wiz for cloud workload protection, Darktrace for network traffic analysis, AWS WAF, and Nightfall AI for data loss prevention.","approved","04_Incident_Response_Plan.pdf (p.1): ""NIMBUSGUARD TECHNOLOGIES, INC.
Security Incident Response Plan
Detection, Triage, Containment, Recovery & Lessons Learned
Document ID: NG-IRP-004 Version: 5.0
Effective Date: January 25, 2026 Owner: V"" | 01_Information_Security_Policy.pdf (p.1): ""NIMBUSGUARD TECHNOLOGIES, INC.
Information Security Policy
Enterprise Governance, Risk & Compliance Framework
Document ID: NG-ISP-001 Version: 4.2
Effective Date: January 15, 2026 Owner: CISO – Dr. El"""
"leveraging an industry-recognized framework to guide threat decision-making","The provided context does not explicitly mention leveraging an industry-recognized framework to guide threat decision-making. However, it outlines a structured incident response plan with defined phases (Preparation, Identification, Containment, Eradication, Recovery, Lessons Learned) and severity definitions with corresponding response times, which implies a systematic approach to threat management.","approved","Incident_Response_Plan.md: ""## 2. Incident Response Phases
1.  **Preparation:** Maintaining tooling (SIEM, EDR), staff training, and this living document.
2.  **Identification:** Triaging alerts from monitoring tools. Any employ"" | 04_Incident_Response_Plan.pdf (p.2): ""1.Incident Classification
Severity Definition Response Time Notification
SEV-1 (Critical) Active data breach, complete service outage, ransomware, or compromise of authentication system	15 minutes CIS"""
"and protection measures.","The provided context does not contain enough information to provide a detailed answer about specific protection measures. However, it mentions data classification, encryption, retention, and privacy controls in the Data Protection and Privacy Policy, as well as security training and background checks in the Human Resources Security section of the Information Security Policy.","approved","02_Data_Protection_Privacy_Policy.pdf (p.1): ""NIMBUSGUARD TECHNOLOGIES, INC.
Data Protection and Privacy Policy
Data Classification, Encryption, Retention & Privacy Controls
Document ID: NG-DPP-002 Version: 3.8
Effective Date: February 1, 2026 Ow"" | 04_Incident_Response_Plan.pdf (p.2): ""4.4 Recovery – Restore services from verified backups, validate system integrity, gradually re-enable
access with enhanced monitoring.4.5 Lessons Learned – Post-incident review (PIR) held within 5 bus"" | Information_Security_Policy.md: ""## 4. Human Resources Security
* **Background Checks:** All employees and contractors must undergo standard criminal background checks prior to employment.
* **Security Training:** All personnel must """
"TVM-11.1","The provided context does not contain enough information to answer the question TVM-11.1.","approved","Application_Security_and_Vulnerability_Management.md: ""# ApexCloud Solutions: AppSec & TVM Policy
**Document Version:** 2.2
**Last Updated:** March 01, 2026
**Confidentiality Level:** Internal / Under NDA"" | 04_Incident_Response_Plan.pdf (p.1): ""NIMBUSGUARD TECHNOLOGIES, INC.
Security Incident Response Plan
Detection, Triage, Containment, Recovery & Lessons Learned
Document ID: NG-IRP-004 Version: 5.0
Effective Date: January 25, 2026 Owner: V"""
"and remediation activities that include stakeholder notification?","The incident response plan includes a phase for 'Lessons Learned' which involves conducting a post-mortem within a specified timeframe (5 business days as per 04_Incident_Response_Plan.pdf and within 14 days as per Incident_Response_Plan.md) to improve future response. Additionally, 'Breach Notification' is mentioned as part of the plan, indicating that stakeholder notification is included in the remediation activities.","approved","04_Incident_Response_Plan.pdf (p.2): ""4.4 Recovery – Restore services from verified backups, validate system integrity, gradually re-enable
access with enhanced monitoring.4.5 Lessons Learned – Post-incident review (PIR) held within 5 bus"" | Incident_Response_Plan.md: ""## 2. Incident Response Phases
1.  **Preparation:** Maintaining tooling (SIEM, EDR), staff training, and this living document.
2.  **Identification:** Triaging alerts from monitoring tools. Any employ"""
"identification and remediation activities that includes stakeholder notification.","The identification and remediation activities include containment, eradication, recovery, and lessons learned phases. Containment involves isolating affected systems, eradication involves removing malware and closing vulnerabilities, recovery involves restoring systems from clean backups, and lessons learned involves conducting a post-mortem. Stakeholder notification is implied in the breach notification section, but specific details on stakeholder notification during these activities are not provided in the given context.","approved","04_Incident_Response_Plan.pdf (p.2): ""4.4 Recovery – Restore services from verified backups, validate system integrity, gradually re-enable
access with enhanced monitoring.4.5 Lessons Learned – Post-incident review (PIR) held within 5 bus"" | Incident_Response_Plan.md: ""## 2. Incident Response Phases
1.  **Preparation:** Maintaining tooling (SIEM, EDR), staff training, and this living document.
2.  **Identification:** Triaging alerts from monitoring tools. Any employ"""
"UEM-02.1","The provided context does not contain enough information to answer the question UEM-02.1. The context appears to be related to various security policies and company overviews, but it does not provide specific details about UEM-02.1.","approved","08_Vendor_Supply_Chain_Management.pdf (p.1): ""NIMBUSGUARD TECHNOLOGIES, INC.
Vendor and Supply Chain Management
Policy
Third-Party Risk Assessment, Monitoring & Sub-Processor Controls
Document ID: NG-VSM-008 Version: 2.3
Effective Date: February "" | 07_Identity_Access_Management_Policy.pdf (p.1): ""NIMBUSGUARD TECHNOLOGIES, INC.
Identity and Access Management Policy
Authentication, Authorization, Privileged Access & SSO Controls
Document ID: NG-IAM-007 Version: 3.5
Effective Date: February 10, 2"" | 09_Company_Overview_Security_Factsheet.pdf (p.1): ""NIMBUSGUARD TECHNOLOGIES, INC.
Company Overview and Security Fact Sheet
Quick Reference for Security Assessments and RFP Responses
Document ID: NG-OVR-009 Version: 2.0
Effective Date: February 20, 202"""
"services","The services used include Wiz, AWS Inspector, Burp Suite Enterprise, Semgrep, Snyk, Trivy, CrowdStrike Services, HackerOne, Splunk Enterprise Security, Fluent Bit, AWS Config, and ServiceNow CMDB.","approved","06_Infrastructure_Operations_Security.pdf (p.3): ""Activity Tool Frequency SLA (Remediation)
Infrastructure scanning Wiz, AWS Inspector Continuous Critical: 24h, High: 7d, Med: 30d
Application DAST Burp Suite Enterprise Weekly Critical: 48h, High: 14d"" | data_management_policy.md: ""## 2. Hosting Environment
StrataFlow Enterprise production workloads are hosted exclusively on Amazon Web Services (AWS) within the `us-east-1` (Northern Virginia) and `us-west-2` (Oregon) regions. We"""
"use by endpoints when accessing or storing organization-managed data?","Endpoints use full disk encryption (FileVault or BitLocker) when accessing or storing organization-managed data. Additionally, dedicated KMS keys are used for cryptographic separation of data, and all data access is logged with tenant ID, user ID, resource accessed, and action performed.","approved","information_security_policy.md: ""## 3. Endpoint Management
All company-issued workstations (laptops and desktops) are managed via Mobile Device Management (MDM) solutions (Jamf for macOS, Microsoft Intune for Windows). 
* Full disk e"" | 02_Data_Protection_Privacy_Policy.pdf (p.3): ""• Encryption layer: Enterprise customers receive dedicated KMS keys ensuring cryptographic
separation of data.• Audit layer: All data access is logged with tenant ID, user ID, resource accessed, and a"""
"applications and sources of applications (stores) acceptable for use by endpoints","The provided context does not contain information about acceptable applications or sources of applications for endpoints. However, it does mention that all company-issued workstations are managed via Mobile Device Management (MDM) solutions, which may imply that only approved applications are allowed.","approved","information_security_policy.md: ""## 3. Endpoint Management
All company-issued workstations (laptops and desktops) are managed via Mobile Device Management (MDM) solutions (Jamf for macOS, Microsoft Intune for Windows). 
* Full disk e"" | Application_Security_and_Vulnerability_Management.md: ""# ApexCloud Solutions: AppSec & TVM Policy
**Document Version:** 2.2
**Last Updated:** March 01, 2026
**Confidentiality Level:** Internal / Under NDA"""
"when accessing or storing organization-managed data.","All data at rest is encrypted using AES-256-GCM. Encryption is enforced at the storage layer via AWS KMS (Key Management Service) with customer-managed keys (CMKs) available for enterprise customers. Database encryption uses Transparent Data Encryption (TDE) for PostgreSQL and Amazon Aurora instances. All S3 buckets enforce SSE-KMS with bucket policies preventing unencrypted uploads. All network communications are encrypted using TLS 1.3 (minimum TLS 1.2).","approved","02_Data_Protection_Privacy_Policy.pdf (p.2): ""1. Data Classification
NimbusGuard classifies all data into four tiers. Classification must be applied at the point of creation or
ingestion and reviewed whenever data is shared, migrated, or archived"" | data_management_policy.md: ""# StrataFlow Enterprise: Data Management and Encryption Policy
**Effective Date:** November 10, 2025
**Version:** 4.0"""
"UEM-04.1","The provided context does not contain enough information to answer the question UEM-04.1.","approved","01_Information_Security_Policy.pdf (p.1): ""NIMBUSGUARD TECHNOLOGIES, INC.
Information Security Policy
Enterprise Governance, Risk & Compliance Framework
Document ID: NG-ISP-001 Version: 4.2
Effective Date: January 15, 2026 Owner: CISO – Dr. El"" | 07_Identity_Access_Management_Policy.pdf (p.1): ""NIMBUSGUARD TECHNOLOGIES, INC.
Identity and Access Management Policy
Authentication, Authorization, Privileged Access & SSO Controls
Document ID: NG-IAM-007 Version: 3.5
Effective Date: February 10, 2"" | 09_Company_Overview_Security_Factsheet.pdf (p.1): ""NIMBUSGUARD TECHNOLOGIES, INC.
Company Overview and Security Fact Sheet
Quick Reference for Security Assessments and RFP Responses
Document ID: NG-OVR-009 Version: 2.0
Effective Date: February 20, 202"""
"data?","NimbusGuard classifies all data into four tiers: Restricted, Confidential, Internal, and Public. Data at rest is encrypted using AES-256-GCM, and data in transit is encrypted using TLS 1.3. Data retention and disposal policies are also in place, with varying retention periods and disposal methods depending on the data category.","approved","02_Data_Protection_Privacy_Policy.pdf (p.1): ""NIMBUSGUARD TECHNOLOGIES, INC.
Data Protection and Privacy Policy
Data Classification, Encryption, Retention & Privacy Controls
Document ID: NG-DPP-002 Version: 3.8
Effective Date: February 1, 2026 Ow"""
"data.","NimbusGuard classifies all data into four tiers: Restricted, Confidential, Internal, and Public. Data at rest is encrypted using AES-256-GCM, and data in transit is encrypted using TLS 1.3. Data retention and disposal policies are in place, including cryptographic erasure and logical deletion.","approved","02_Data_Protection_Privacy_Policy.pdf (p.1): ""NIMBUSGUARD TECHNOLOGIES, INC.
Data Protection and Privacy Policy
Data Classification, Encryption, Retention & Privacy Controls
Document ID: NG-DPP-002 Version: 3.8
Effective Date: February 1, 2026 Ow"""
"UEM-05.1","The provided context does not contain enough information to answer the question UEM-05.1. The context appears to be related to various policies and documents from NIMBUSGUARD TECHNOLOGIES, INC., but it does not provide specific details about UEM-05.1.","approved","07_Identity_Access_Management_Policy.pdf (p.1): ""NIMBUSGUARD TECHNOLOGIES, INC.
Identity and Access Management Policy
Authentication, Authorization, Privileged Access & SSO Controls
Document ID: NG-IAM-007 Version: 3.5
Effective Date: February 10, 2"" | 09_Company_Overview_Security_Factsheet.pdf (p.1): ""NIMBUSGUARD TECHNOLOGIES, INC.
Company Overview and Security Fact Sheet
Quick Reference for Security Assessments and RFP Responses
Document ID: NG-OVR-009 Version: 2.0
Effective Date: February 20, 202"" | 08_Vendor_Supply_Chain_Management.pdf (p.1): ""NIMBUSGUARD TECHNOLOGIES, INC.
Vendor and Supply Chain Management
Policy
Third-Party Risk Assessment, Monitoring & Sub-Processor Controls
Document ID: NG-VSM-008 Version: 2.3
Effective Date: February """
"evaluated","Low severity vulnerabilities are evaluated and scheduled for an upcoming sprint.","approved","Application_Security_and_Vulnerability_Management.md: ""# ApexCloud Solutions: AppSec & TVM Policy
**Document Version:** 2.2
**Last Updated:** March 01, 2026
**Confidentiality Level:** Internal / Under NDA"""
"systems and/or store","The company has various systems in place for logging, monitoring, and asset management. Centralized logging is mandatory for all production systems, with logs shipped to Splunk Enterprise Security. Assets are tracked in ServiceNow CMDB, with cloud assets automatically discovered and inventoried via AWS Config and Wiz. However, the context does not provide information about specific systems for storing data.","approved","06_Infrastructure_Operations_Security.pdf (p.3): ""Activity Tool Frequency SLA (Remediation)
Infrastructure scanning Wiz, AWS Inspector Continuous Critical: 24h, High: 7d, Med: 30d
Application DAST Burp Suite Enterprise Weekly Critical: 48h, High: 14d"" | information_security_policy.md: ""## 3. Endpoint Management
All company-issued workstations (laptops and desktops) are managed via Mobile Device Management (MDM) solutions (Jamf for macOS, Microsoft Intune for Windows). 
* Full disk e"""
"measures to enforce policies and controls for all endpoints permitted to access","The company enforces full disk encryption (FileVault or BitLocker) on all endpoints and disables USB mass storage devices via policy. Additionally, all company-issued workstations are managed via Mobile Device Management (MDM) solutions (Jamf for macOS, Microsoft Intune for Windows).","approved","information_security_policy.md: ""## 3. Endpoint Management
All company-issued workstations (laptops and desktops) are managed via Mobile Device Management (MDM) solutions (Jamf for macOS, Microsoft Intune for Windows). 
* Full disk e"" | 06_Infrastructure_Operations_Security.pdf (p.3): ""Activity Tool Frequency SLA (Remediation)
Infrastructure scanning Wiz, AWS Inspector Continuous Critical: 24h, High: 7d, Med: 30d
Application DAST Burp Suite Enterprise Weekly Critical: 48h, High: 14d"""
"systems and/or store","The company has various systems in place for logging, monitoring, and asset management. Centralized logging is mandatory for all production systems, with logs shipped to Splunk Enterprise Security. Assets are tracked in ServiceNow CMDB, with cloud assets automatically discovered and inventoried via AWS Config and Wiz. Additionally, all company-issued workstations are managed via Mobile Device Management (MDM) solutions, with full disk encryption enforced on all endpoints.","approved","06_Infrastructure_Operations_Security.pdf (p.3): ""Activity Tool Frequency SLA (Remediation)
Infrastructure scanning Wiz, AWS Inspector Continuous Critical: 24h, High: 7d, Med: 30d
Application DAST Burp Suite Enterprise Weekly Critical: 48h, High: 14d"" | information_security_policy.md: ""## 3. Endpoint Management
All company-issued workstations (laptops and desktops) are managed via Mobile Device Management (MDM) solutions (Jamf for macOS, Microsoft Intune for Windows). 
* Full disk e"""
"UEM-06.1","The provided context does not contain enough information to answer the question UEM-06.1.","approved","07_Identity_Access_Management_Policy.pdf (p.1): ""NIMBUSGUARD TECHNOLOGIES, INC.
Identity and Access Management Policy
Authentication, Authorization, Privileged Access & SSO Controls
Document ID: NG-IAM-007 Version: 3.5
Effective Date: February 10, 2"" | 09_Company_Overview_Security_Factsheet.pdf (p.1): ""NIMBUSGUARD TECHNOLOGIES, INC.
Company Overview and Security Fact Sheet
Quick Reference for Security Assessments and RFP Responses
Document ID: NG-OVR-009 Version: 2.0
Effective Date: February 20, 202"" | 08_Vendor_Supply_Chain_Management.pdf (p.1): ""NIMBUSGUARD TECHNOLOGIES, INC.
Vendor and Supply Chain Management
Policy
Third-Party Risk Assessment, Monitoring & Sub-Processor Controls
Document ID: NG-VSM-008 Version: 2.3
Effective Date: February """
"lock screen?","The provided context does not contain information about lock screen settings or policies.","approved","information_security_policy.md: ""## 3. Endpoint Management
All company-issued workstations (laptops and desktops) are managed via Mobile Device Management (MDM) solutions (Jamf for macOS, Microsoft Intune for Windows). 
* Full disk e"""
"lock screen.","The provided context does not contain information about lock screen policies or procedures.","approved","information_security_policy.md: ""## 3. Endpoint Management
All company-issued workstations (laptops and desktops) are managed via Mobile Device Management (MDM) solutions (Jamf for macOS, Microsoft Intune for Windows). 
* Full disk e"" | 05_HR_Security_Policy.pdf (p.2): ""1. Pre-Employment Screening
All prospective employees, contractors, and temporary staff undergo background verification prior to access
being granted to NimbusGuard systems. Screening includes:
• Iden"""
"UEM-09.1","The provided context does not contain enough information to answer the question UEM-09.1.","approved","09_Company_Overview_Security_Factsheet.pdf (p.1): ""NIMBUSGUARD TECHNOLOGIES, INC.
Company Overview and Security Fact Sheet
Quick Reference for Security Assessments and RFP Responses
Document ID: NG-OVR-009 Version: 2.0
Effective Date: February 20, 202"" | 07_Identity_Access_Management_Policy.pdf (p.1): ""NIMBUSGUARD TECHNOLOGIES, INC.
Identity and Access Management Policy
Authentication, Authorization, Privileged Access & SSO Controls
Document ID: NG-IAM-007 Version: 3.5
Effective Date: February 10, 2"" | 01_Information_Security_Policy.pdf (p.1): ""NIMBUSGUARD TECHNOLOGIES, INC.
Information Security Policy
Enterprise Governance, Risk & Compliance Framework
Document ID: NG-ISP-001 Version: 4.2
Effective Date: January 15, 2026 Owner: CISO – Dr. El"""
"managed endpoints?","All company-issued workstations (laptops and desktops) are managed via Mobile Device Management (MDM) solutions (Jamf for macOS, Microsoft Intune for Windows).","approved","information_security_policy.md: ""## 3. Endpoint Management
All company-issued workstations (laptops and desktops) are managed via Mobile Device Management (MDM) solutions (Jamf for macOS, Microsoft Intune for Windows). 
* Full disk e"" | Application_Security_and_Vulnerability_Management.md: ""## 2. Vulnerability Management
* **Scanning:** Infrastructure and application vulnerability scans are conducted weekly using automated tooling.
* **Penetration Testing:** A certified third-party secur"""
"technology and services.","The company utilizes various technologies and services for security, including Wiz, AWS Inspector, Burp Suite Enterprise, Semgrep, Snyk, Trivy, CrowdStrike Services, HackerOne, Splunk Enterprise Security, Fluent Bit, AWS Config, and ServiceNow CMDB.","approved","06_Infrastructure_Operations_Security.pdf (p.3): ""Activity Tool Frequency SLA (Remediation)
Infrastructure scanning Wiz, AWS Inspector Continuous Critical: 24h, High: 7d, Med: 30d
Application DAST Burp Suite Enterprise Weekly Critical: 48h, High: 14d"" | 09_Company_Overview_Security_Factsheet.pdf (p.1): ""NIMBUSGUARD TECHNOLOGIES, INC.
Company Overview and Security Fact Sheet
Quick Reference for Security Assessments and RFP Responses
Document ID: NG-OVR-009 Version: 2.0
Effective Date: February 20, 202"""
"UEM-10.1","The provided context does not contain enough information to answer the question UEM-10.1. The context appears to be related to company policies and security frameworks, but it does not provide specific details about UEM-10.1.","approved","07_Identity_Access_Management_Policy.pdf (p.1): ""NIMBUSGUARD TECHNOLOGIES, INC.
Identity and Access Management Policy
Authentication, Authorization, Privileged Access & SSO Controls
Document ID: NG-IAM-007 Version: 3.5
Effective Date: February 10, 2"" | 09_Company_Overview_Security_Factsheet.pdf (p.1): ""NIMBUSGUARD TECHNOLOGIES, INC.
Company Overview and Security Fact Sheet
Quick Reference for Security Assessments and RFP Responses
Document ID: NG-OVR-009 Version: 2.0
Effective Date: February 20, 202"" | 01_Information_Security_Policy.pdf (p.1): ""NIMBUSGUARD TECHNOLOGIES, INC.
Information Security Policy
Enterprise Governance, Risk & Compliance Framework
Document ID: NG-ISP-001 Version: 4.2
Effective Date: January 15, 2026 Owner: CISO – Dr. El"""
"UEM-13.1","The provided context does not contain enough information to answer the question UEM-13.1. The context appears to be related to various policies of NIMBUSGUARD TECHNOLOGIES, INC., including Identity and Access Management, Vendor and Supply Chain Management, and Information Security Policy, but it does not provide specific details about UEM-13.1.","approved","07_Identity_Access_Management_Policy.pdf (p.1): ""NIMBUSGUARD TECHNOLOGIES, INC.
Identity and Access Management Policy
Authentication, Authorization, Privileged Access & SSO Controls
Document ID: NG-IAM-007 Version: 3.5
Effective Date: February 10, 2"" | 08_Vendor_Supply_Chain_Management.pdf (p.1): ""NIMBUSGUARD TECHNOLOGIES, INC.
Vendor and Supply Chain Management
Policy
Third-Party Risk Assessment, Monitoring & Sub-Processor Controls
Document ID: NG-VSM-008 Version: 2.3
Effective Date: February "" | 01_Information_Security_Policy.pdf (p.1): ""NIMBUSGUARD TECHNOLOGIES, INC.
Information Security Policy
Enterprise Governance, Risk & Compliance Framework
Document ID: NG-ISP-001 Version: 4.2
Effective Date: January 15, 2026 Owner: CISO – Dr. El"""
"evaluated to enable remote company data deletion on managed endpoint devices?","The provided context does not contain enough information to determine if remote company data deletion is enabled on managed endpoint devices.","approved","information_security_policy.md: ""## 3. Endpoint Management
All company-issued workstations (laptops and desktops) are managed via Mobile Device Management (MDM) solutions (Jamf for macOS, Microsoft Intune for Windows). 
* Full disk e"" | 05_HR_Security_Policy.pdf (p.2): ""1. Pre-Employment Screening
All prospective employees, contractors, and temporary staff undergo background verification prior to access
being granted to NimbusGuard systems. Screening includes:
• Iden"""
"measures to enable the deletion of company data remotely on managed endpoint","The provided context does not contain explicit information about measures to enable the deletion of company data remotely on managed endpoints. However, it mentions that all company-issued workstations are managed via Mobile Device Management (MDM) solutions, which typically include features for remote wipe or data deletion. Additionally, full disk encryption is enforced on all endpoints, which can be used to securely erase data.","approved","information_security_policy.md: ""## 3. Endpoint Management
All company-issued workstations (laptops and desktops) are managed via Mobile Device Management (MDM) solutions (Jamf for macOS, Microsoft Intune for Windows). 
* Full disk e"" | 02_Data_Protection_Privacy_Policy.pdf (p.3): ""• Encryption layer: Enterprise customers receive dedicated KMS keys ensuring cryptographic
separation of data.• Audit layer: All data access is logged with tenant ID, user ID, resource accessed, and a"""
"devices.","The company enforces full disk encryption (FileVault or BitLocker) on all endpoints and disables USB mass storage devices via policy. Additionally, all company-issued workstations are managed via Mobile Device Management (MDM) solutions.","approved","information_security_policy.md: ""## 3. Endpoint Management
All company-issued workstations (laptops and desktops) are managed via Mobile Device Management (MDM) solutions (Jamf for macOS, Microsoft Intune for Windows). 
* Full disk e"" | 06_Infrastructure_Operations_Security.pdf (p.3): ""Activity Tool Frequency SLA (Remediation)
Infrastructure scanning Wiz, AWS Inspector Continuous Critical: 24h, High: 7d, Med: 30d
Application DAST Burp Suite Enterprise Weekly Critical: 48h, High: 14d"""
"End of Standard","The provided context does not contain enough information to answer the question about the end of standard.","approved","data_management_policy.md: ""# StrataFlow Enterprise: Data Management and Encryption Policy
**Effective Date:** November 10, 2025
**Version:** 4.0"" | information_security_policy.md: ""# StrataFlow Enterprise: Information Security Policy
**Effective Date:** January 1, 2026
**Version:** 3.2"""
"© Copyright 2026 Cloud Security Alliance - All rights reserved.  You may download","The provided context does not contain enough information to answer the question. The context appears to be a series of identical document headers from the 'Application_Security_and_Vulnerability_Management.md' and a single header from 'Information_Security_Policy.md', but it does not provide any relevant information about the question.","approved","Application_Security_and_Vulnerability_Management.md: ""# ApexCloud Solutions: AppSec & TVM Policy
**Document Version:** 2.2
**Last Updated:** March 01, 2026
**Confidentiality Level:** Internal / Under NDA"" | Information_Security_Policy.md: ""# ApexCloud Solutions: Information Security Policy (ISP)
**Document Version:** 2.1
**Last Updated:** January 15, 2026
**Confidentiality Level:** Internal / Under NDA"""